GenValnCl.,Type,Agency code,Master Agreement,Instrument,Transaction No.,Contract name,External Ref.,Contract signed date,Starting date ,End date,Interest,floating rate,Debt Outstanding 08/2020,Disbursement,Principal Paid/roll/refi/switch,Interest Paid,Fee paid,Debt Outstanding 09/2020,TCurr,Lenders/Counterparty,Fin.Proj.,PTyp,TTyp,Reference 2,Purpose,duration(day),remaining maturity (day)
1,Def,309,G00A01,BOND,1000191,GOVERNMENT BOND 2546/2,LB22NA,11/08/02,11/08/02,11/08/22,5.125,,7000000000,0,0,0,,7000000000,THB,ISIV,,55A,20D,,New Issue,7305,769
1,Def,309,G00A01,BOND,1000194,GOVERNMENT BOND 2546/5 (RE-OPEN 2546/2)(1),LB22NA,11/08/02,11/08/02,11/08/22,5.125,,9000000000,0,0,0,,9000000000,THB,ISIV,,55A,20D,,New Issue,7305,769
1,Def,309,G00A01,BOND,1000196,GOVERNMENT BOND 2546/8 (RE-OPEN 2546/2)(2),LB22NA,11/08/02,11/08/02,11/08/22,5.125,,10000000000,0,0,0,,10000000000,THB,ISIV,,55A,20D,,New Issue,7305,769
1,Def,309,G00C01,BOND,1000206,DEBT MGT. GOV. BOND 2550/5,LB244A,04/09/07,04/09/07,04/09/24,4.5,,31000000000,0,0,0,,31000000000,THB,ISIV,,55A,20D,????????????,Refinance,6210,1287
1,Def,309,G51A01,BOND,1000492,GOVERNMENT BOND 2551/4,LB233A,12/28/07,12/28/07,03/13/23,5.5,,6000000000,0,0,166356164.38,,6000000000,THB,ISIV,,55A,20D,,New Issue,5554,894
1,Def,309,G51A01,BOND,1000584,GOVERNMENT BOND 2551/8 (RE-OPEN 2551/4),LB233A,12/28/07,12/28/07,03/13/23,5.5,,6050000000,0,0,167742465.75,,6050000000,THB,ISIV,,55A,20D,,New Issue,5554,894
1,Def,309,G51A01,BOND,1000491,GOVERNMENT BOND 2551/3,LB283A,11/30/07,11/30/07,03/13/28,5.67,,6000000000,0,0,171498082.19,,6000000000,THB,ISIV,,55A,20D,,New Issue,7409,2721
1,Def,309,G51A01,BOND,1000503,GOVERNMENT BOND 2551/6 (RE-OPEN 2551/3),LB283A,11/30/07,11/30/07,03/13/28,5.67,,6000000000,0,0,171498082.19,,6000000000,THB,ISIV,,55A,20D,,New Issue,7409,2721
1,Def,309,G51A01,BOND,1000661,GOVERNMENT BOND 2551/11 (RE-OPEN 2551/3),LB283A,11/30/07,11/30/07,03/13/28,5.67,,6000000000,0,0,171498082.19,,6000000000,THB,ISIV,,55A,20D,,New Issue,7409,2721
1,Def,309,G51A01,BOND,1000585,GOVERNMENT BOND 2551/9,LB383A,04/25/08,04/25/08,03/13/38,5.5,,5000000000,0,0,138630136.98,,5000000000,THB,ISIV,,55A,20D,,New Issue,10914,6373
1,Def,309,G51C01,BOND,1000535,DEBT MGT. GOV. BOND 2551/2 (RE-OPEN GB 2551/4),LB233A,12/28/07,12/28/07,03/13/23,5.5,,6000000000,0,0,166356164.38,,6000000000,THB,ISIV,,55A,20D,,Refinance,5554,894
1,Def,309,G51C01,BOND,1000643,DEBT MGT. GOV. BOND 2551/6 (RE-OPEN GB 2551/4),LB233A,12/28/07,12/28/07,03/13/23,5.5,,6000000000,0,0,166356164.38,,6000000000,THB,ISIV,,55A,20D,,Refinance,5554,894
1,Def,309,G51C01,BOND,1000559,DEBT MGT. GOV. BOND 2551/4 (RE-OPEN GB 2551/3),LB283A,11/30/07,11/30/07,03/13/28,5.67,,5950000000,0,0,170068931.5,,5950000000,THB,ISIV,,55A,20D,,Refinance,7409,2721
1,Def,309,G52A01,BOND,1000746,GOVERNMENT BOND 2552/4 (RE-OPEN 2551/4),LB233A,12/28/07,12/28/07,03/13/23,5.5,,5000000000,0,0,138630136.98,,5000000000,THB,ISIV,,55A,20D,,New Issue,5554,894
1,Def,309,G52A01,BOND,1000776,GOVERNMENT BOND 2552/8 (RE-OPEN 2551/4),LB233A,12/28/07,12/28/07,03/13/23,5.5,,2650000000,0,0,73473972.6,,2650000000,THB,ISIV,,55A,20D,,New Issue,5554,894
1,Def,309,G52A01,BOND,1000814,GOVERNMENT BOND 2552/11 (RE-OPEN 2551/4),LB233A,12/28/07,12/28/07,03/13/23,5.5,,6000000000,0,0,166356164.38,,6000000000,THB,ISIV,,55A,20D,,New Issue,5554,894
1,Def,309,G52A01,BOND,1000885,GOVERNMENT BOND 2552/18 (RE-OPEN 2551/4),LB233A,12/28/07,12/28/07,03/13/23,5.5,,6000000000,0,0,166356164.38,,6000000000,THB,ISIV,,55A,20D,,New Issue,5554,894
1,Def,309,G52A01,BOND,1000717,GOVERNMENT BOND 2552/3 (RE-OPEN 2551/3),LB283A,11/30/07,11/30/07,03/13/28,5.67,,5000000000,0,0,142915068.49,,5000000000,THB,ISIV,,55A,20D,,New Issue,7409,2721
1,Def,309,G52A01,BOND,1000765,GOVERNMENT BOND 2552/6 (RE-OPEN 2551/3),LB283A,11/30/07,11/30/07,03/13/28,5.67,,14000000000,0,0,400162191.78,,14000000000,THB,ISIV,,55A,20D,,New Issue,7409,2721
1,Def,309,G52A01,BOND,1000832,GOVERNMENT BOND 2552/14 (RE-OPEN 2551/3),LB283A,11/30/07,11/30/07,03/13/28,5.67,,7000000000,0,0,200081095.89,,7000000000,THB,ISIV,,55A,20D,,New Issue,7409,2721
1,Def,309,G52A01,BOND,1000873,GOVERNMENT BOND 2552/17 (RE-OPEN 2551/3),LB283A,11/30/07,11/30/07,03/13/28,5.67,,5000000000,0,0,142915068.49,,5000000000,THB,ISIV,,55A,20D,,New Issue,7409,2721
1,Def,309,G52A01,BOND,1000851,GOVERNMENT BOND 2552/15,LB396A,06/26/09,06/26/09,06/13/39,5,,2500000000,0,0,0,,2500000000,THB,ISIV,,55A,20D,,New Issue,10944,6830
1,Def,309,G52A01,BOND,1000890,GOVERNMENT BOND 2552/19 (RE-OPEN 2552/15),LB396A,06/26/09,06/26/09,06/13/39,5,,3000000000,0,0,0,,3000000000,THB,ISIV,,55A,20D,,New Issue,10944,6830
1,Def,309,G52C01,BOND,1000850,DEBT MGT. GOV. BOND 2552/2 (RE-OPEN GB 2551/4),LB233A,12/28/07,12/28/07,03/13/23,5.5,,7000000000,0,0,194082191.78,,7000000000,THB,ISIV,,55A,20D,,Refinance,5554,894
1,Def,309,G52C01,BOND,1000908,DEBT MGT. GOV. BOND 2552/6 (RE-OPEN GB 2551/3),LB283A,11/30/07,11/30/07,03/13/28,5.67,,7000000000,0,0,200081095.89,,7000000000,THB,ISIV,,55A,20D,,Refinance,7409,2721
1,Def,309,G53A01,BOND,1000979,GOVERNMENT BOND 2553/4,LB24DA,10/30/09,10/30/09,12/20/24,4.75,,7000000000,0,0,0,,7000000000,THB,ISIV,,55A,20D,,New Issue,5530,1542
1,Def,309,G53A01,BOND,1001015,GOVERNMENT BOND 2553/9 (RE-OPEN DMG 2553/3),LB24DA,10/30/09,10/30/09,12/20/24,4.75,,7000000000,0,0,0,,7000000000,THB,ISIV,,55A,20D,,New Issue,5530,1542
1,Def,309,G53A01,BOND,1001075,GOVERNMENT BOND 2553/13 (RE-OPEN DMG 2553/3),LB24DA,10/30/09,10/30/09,12/20/24,4.75,,15000000000,0,0,0,,15000000000,THB,ISIV,,55A,20D,,New Issue,5530,1542
1,Def,309,G53A01,BOND,1000964,GOVERNMENT BOND 2553/2,LB296A,11/20/09,11/20/09,06/22/29,4.875,,7000000000,0,0,0,,7000000000,THB,ISIV,,55A,20D,,New Issue,7154,3187
1,Def,309,G53A01,BOND,1001001,GOVERNMENT BOND 2553/8 (RE-OPEN 2553/2),LB296A,11/20/09,11/20/09,06/22/29,4.875,,15000000000,0,0,0,,15000000000,THB,ISIV,,55A,20D,,New Issue,7154,3187
1,Def,309,G53A01,BOND,1001089,GOVERNMENT BOND 2553/14 (RE-OPEN 2553/2),LB296A,11/20/09,11/20/09,06/22/29,4.875,,7000000000,0,0,0,,7000000000,THB,ISIV,,55A,20D,,New Issue,7154,3187
1,Def,309,G53A01,BOND,1000980,GOVERNMENT BOND 2553/5,LB406A,10/16/09,10/16/09,06/22/40,5,,3000000000,0,0,0,,3000000000,THB,ISIV,,55A,20D,,New Issue,11207,7205
1,Def,309,G53A01,BOND,1001031,GOVERNMENT BOND 2553/10 (RE-OPEN DMG 2553/2),LB406A,10/16/09,10/16/09,06/22/40,5,,3000000000,0,0,0,,3000000000,THB,ISIV,,55A,20D,,New Issue,11207,7205
1,Def,309,G53A01,BOND,1001058,GOVERNMENT BOND 2553/12 (RE-OPEN DMG 2553/2),LB406A,10/16/09,10/16/09,06/22/40,5,,6000000000,0,0,0,,6000000000,THB,ISIV,,55A,20D,,New Issue,11207,7205
1,Def,309,G53C01,BOND,1000942,DEBT MGT. GOV. BOND 2553/3,LB24DA,10/30/09,10/30/09,12/20/24,4.75,,7000000000,0,0,0,,7000000000,THB,ISIV,,55A,20D,,Refinance,5530,1542
1,Def,309,G53C01,BOND,1001155,DEBT MGT. GOV. BOND 2553/7 (RE-OPEN 2553/3),LB24DA,10/30/09,10/30/09,12/20/24,4.75,,11000000000,0,0,0,,11000000000,THB,ISIV,,55A,20D,,Refinance,5530,1542
1,Def,309,G53C01,BOND,1001130,DEBT MGT. GOV. BOND 2553/5 (RE-OPEN GB 2553/2),LB296A,11/20/09,11/20/09,06/22/29,4.875,,21000000000,0,0,0,,21000000000,THB,ISIV,,55A,20D,,Refinance,7154,3187
1,Def,309,G53C01,BOND,1000937,DEBT MGT. GOV. BOND 2553/2,LB406A,10/16/09,10/16/09,06/22/40,5,,3000000000,0,0,0,,3000000000,THB,ISIV,,55A,20D,,Refinance,11207,7205
1,Def,309,G53C01,BOND,1001156,DEBT MGT. GOV. BOND 2553/8 (RE-OPEN 2553/2),LB406A,10/16/09,10/16/09,06/22/40,5,,5000000000,0,0,0,,5000000000,THB,ISIV,,55A,20D,,Refinance,11207,7205
1,Def,309,G54A01,BOND,1001207,GOVERNMENT BOND 2554/4,LB21DA,11/19/10,11/19/10,12/17/21,3.65,,0,0,0,0,,0,THB,ISIV,,55A,20D,,New Issue,4046,443
1,Def,309,G54A01,BOND,1001267,GOVERNMENT BOND 2554/5 (RE-OPEN 2554/4),LB21DA,11/19/10,11/19/10,12/17/21,3.65,,0,0,0,0,,0,THB,ISIV,,55A,20D,,New Issue,4046,443
1,Def,309,G54A01,BOND,1001204,GOVERNMENT BOND 2554/3,LB316A,11/12/10,11/12/10,06/20/31,3.65,,2900000000,0,0,0,,2900000000,THB,ISIV,,55A,20D,,New Issue,7525,3915
1,Def,309,G54A01,BOND,1001279,GOVERNMENT BOND 2554/6 (RE-OPEN 2554/3),LB316A,11/12/10,11/12/10,06/20/31,3.65,,12000000000,0,0,0,,12000000000,THB,ISIV,,55A,20D,,New Issue,7525,3915
1,Def,309,G54A01,BOND,1001197,GOVERNMENT BOND 2554/2,LB416A,10/29/10,10/29/10,06/14/41,3.8,,6000000000,0,0,0,,6000000000,THB,ISIV,,55A,20D,,New Issue,11186,7562
1,Def,309,G54A01,BOND,1001282,GOVERNMENT BOND 2554/8 (RE-OPEN 2554/2),LB416A,10/29/10,10/29/10,06/14/41,3.8,,5000000000,0,0,0,,5000000000,THB,ISIV,,55A,20D,,New Issue,11186,7562
1,Def,309,G54A01,BOND,1001297,GOVERNMENT BOND 2554/11 (RE-OPEN 2554/2),LB416A,10/29/10,10/29/10,06/14/41,3.8,,5000000000,0,0,0,,5000000000,THB,ISIV,,55A,20D,,New Issue,11186,7562
1,Def,309,G54A01,BOND,1001291,GOVERNMENT BOND 2554/9,LB616A,03/04/11,03/04/11,06/17/61,4.85,,3500000000,0,0,0,,3500000000,THB,ISIV,,55A,20D,,New Issue,18368,14870
1,Def,309,G54A01,BOND,1001304,GOVERNMENT BOND 2554/12 (RE-OPEN 2554/9),LB616A,03/04/11,03/04/11,06/17/61,4.85,,4500000000,0,0,0,,4500000000,THB,ISIV,,55A,20D,,New Issue,18368,14870
1,Def,309,G54C01,BOND,1001298,DEBT MGT. GOV. BOND 2554/1 (RE-OPEN GB 2554/4),LB21DA,11/19/10,11/19/10,12/17/21,3.65,,0,0,0,0,,0,THB,ISIV,,55A,20D,,Refinance,4046,443
1,Def,309,G54C01,BOND,1001317,DEBT MGT. GOV. BOND 2554/5 (RE-OPEN GB 2554/4),LB21DA,11/19/10,11/19/10,12/17/21,3.65,,0,0,0,0,,0,THB,ISIV,,55A,20D,,Refinance,4046,443
1,Def,309,G54C01,BOND,1001327,DEBT MGT. GOV. BOND 2554/8 (RE-OPEN GB 2554/4),LB21DA,11/19/10,11/19/10,12/17/21,3.65,,0,0,0,0,,0,THB,ISIV,,55A,20D,,Refinance,4046,443
1,Def,309,G54C01,BOND,1001300,DEBT MGT. GOV. BOND 2554/2 (RE-OPEN GB 2554/3),LB316A,11/12/10,11/12/10,06/20/31,3.65,,8000000000,0,0,0,,8000000000,THB,ISIV,,55A,20D,,Refinance,7525,3915
1,Def,309,G54C01,BOND,1001321,DEBT MGT. GOV. BOND 2554/6 (RE-OPEN GB 2554/3),LB316A,11/12/10,11/12/10,06/20/31,3.65,,19000000000,0,0,0,,19000000000,THB,ISIV,,55A,20D,,Refinance,7525,3915
1,Def,309,G54C01,BOND,1001315,DEBT MGT. GOV. BOND 2554/4 (RE-OPEN GB 2554/2),LB416A,10/29/10,10/29/10,06/14/41,3.8,,6000000000,0,0,0,,6000000000,THB,ISIV,,55A,20D,,Refinance,11186,7562
1,Def,309,G54C01,BOND,1001328,DEBT MGT. GOV. BOND 2554/7 (RE-OPEN GB 2554/2),LB416A,10/29/10,10/29/10,06/14/41,3.8,,5000000000,0,0,0,,5000000000,THB,ISIV,,55A,20D,,Refinance,11186,7562
1,Def,309,G54C01,BOND,1001331,DEBT MGT. GOV. BOND 2554/9 (RE-OPEN GB 2554/9),LB616A,03/04/11,03/04/11,06/17/61,4.85,,5000000000,0,0,0,,5000000000,THB,ISIV,,55A,20D,,Refinance,18368,14870
1,Def,309,G55A01,BOND,1001389,GOVERNMENT BOND 2555/5 (RE-OPEN 2554/4),LB21DA,11/19/10,11/19/10,12/17/21,3.65,,5110000000,0,0,0,,5110000000,THB,ISIV,,55A,20D,,New Issue,4046,443
1,Def,309,G55A01,BOND,1001404,GOVERNMENT BOND 2555/8 (RE-OPEN 2554/4),LB21DA,11/19/10,11/19/10,12/17/21,3.65,,28313000000,0,0,0,,28313000000,THB,ISIV,,55A,20D,,New Issue,4046,443
1,Def,309,G55A01,BOND,1001612,GOVERNMENT BOND 2555/16 (RE-OPEN 2554/4),LB21DA,11/19/10,11/19/10,12/17/21,3.65,,0,0,0,0,,0,THB,ISIV,,55A,20D,,New Issue,4046,443
1,Def,309,G55A01,BOND,1001369,GOVERNMENT BOND 2555/3,LB27DA,03/02/12,03/02/12,12/17/27,3.58,,10000000000,0,0,0,,10000000000,THB,ISIV,,55A,20D,,New Issue,5768,2634
1,Def,309,G55A01,BOND,1001410,GOVERNMENT BOND 2555/9 (RE-OPEN 2555/3),LB27DA,03/02/12,03/02/12,12/17/27,3.58,,17000000000,0,0,0,,17000000000,THB,ISIV,,55A,20D,,New Issue,5768,2634
1,Def,309,G55A01,BOND,1001519,GOVERNMENT BOND 2555/15 (RE-OPEN 2555/3),LB27DA,03/02/12,03/02/12,12/17/27,3.58,,8000000000,0,0,0,,8000000000,THB,ISIV,,55A,20D,,New Issue,5768,2634
1,Def,309,G55A01,BOND,1001367,GOVERNMENT BOND 2555/2 (RE-OPEN 2554/2),LB416A,10/29/10,10/29/10,06/14/41,3.8,,7500000000,0,0,0,,7500000000,THB,ISIV,,55A,20D,,New Issue,11186,7562
1,Def,309,G55A01,BOND,1001403,GOVERNMENT BOND 2555/7 (RE-OPEN 2554/2),LB416A,10/29/10,10/29/10,06/14/41,3.8,,12936000000,0,0,0,,12936000000,THB,ISIV,,55A,20D,,New Issue,11186,7562
1,Def,309,G55A01,BOND,1001492,GOVERNMENT BOND 2555/13 (RE-OPEN 2554/2),LB416A,10/29/10,10/29/10,06/14/41,3.8,,6000000000,0,0,0,,6000000000,THB,ISIV,,55A,20D,,New Issue,11186,7562
1,Def,309,G55A01,BOND,1001388,GOVERNMENT BOND 2555/4 (RE-OPEN 2554/9),LB616A,03/04/11,03/04/11,06/17/61,4.85,,5000000000,0,0,0,,5000000000,THB,ISIV,,55A,20D,,New Issue,18368,14870
1,Def,309,G55A01,BOND,1001458,GOVERNMENT BOND 2555/11 (RE-OPEN 2554/9),LB616A,03/04/11,03/04/11,06/17/61,4.85,,5205000000,0,0,0,,5205000000,THB,ISIV,,55A,20D,,New Issue,18368,14870
1,Def,309,G55A01,BOND,1001480,GOVERNMENT BOND 2555/12 (RE-OPEN 2554/9),LB616A,03/04/11,03/04/11,06/17/61,4.85,,13000000000,0,0,0,,13000000000,THB,ISIV,,55A,20D,,New Issue,18368,14870
1,Def,309,G55C01,BOND,1001360,DEBT MGT. GOV. BOND 2555/1,LB616A,03/04/11,03/04/11,06/17/61,4.85,,5000000000,0,0,0,,5000000000,THB,ISIV,,55A,20D,,Refinance,18368,14870
1,Def,309,G56A01,BOND,1001904,INFLATION-LINKED GOV. BOND 2556/3 (RE-OPEN IDMG 2556/2),ILB283A,03/12/13,03/12/13,03/12/28,1.25,<IIR-RATE> + 1.25,15000000000,0,0,97812736.43,,15000000000,THB,ISIV,,55A,20D,,New Issue,5479,2720
1,Def,309,G56A01,BOND,1001807,GOVERNMENT BOND 2556/3 (RE-OPEN 2554/4),LB21DA,11/19/10,11/19/10,12/17/21,3.65,,7246000000,0,0,0,,7246000000,THB,ISIV,,55A,20D,,New Issue,4046,443
1,Def,309,G56A01,BOND,1001842,GOVERNMENT BOND 2556/10 (RE-OPEN 2554/4),LB21DA,11/19/10,11/19/10,12/17/21,3.65,,10000000000,0,0,0,,10000000000,THB,ISIV,,55A,20D,,New Issue,4046,443
1,Def,309,G56A01,BOND,1001909,GOVERNMENT BOND 2556/15 (RE-OPEN 2554/4),LB21DA,11/19/10,11/19/10,12/17/21,3.65,,12000000000,0,0,0,,12000000000,THB,ISIV,,55A,20D,,New Issue,4046,443
1,Def,309,G56A01,BOND,1001974,GOVERNMENT BOND 2556/19 (RE-OPEN 2554/4),LB21DA,11/19/10,11/19/10,12/17/21,3.65,,12000000000,0,0,0,,12000000000,THB,ISIV,,55A,20D,,New Issue,4046,443
1,Def,309,G56A01,BOND,1001802,GOVERNMENT BOND 2556/1 (RE-OPEN 2555/3),LB27DA,03/02/12,03/02/12,12/17/27,3.58,,15010000000,0,0,0,,15010000000,THB,ISIV,,55A,20D,,New Issue,5768,2634
1,Def,309,G56A01,BOND,1001838,GOVERNMENT BOND 2556/9 (RE-OPEN 2555/3),LB27DA,03/02/12,03/02/12,12/17/27,3.58,,7000000000,0,0,0,,7000000000,THB,ISIV,,55A,20D,,New Issue,5768,2634
1,Def,309,G56A01,BOND,1001879,GOVERNMENT BOND 2556/13 (RE-OPEN 2555/3),LB27DA,03/02/12,03/02/12,12/17/27,3.58,,10700000000,0,0,0,,10700000000,THB,ISIV,,55A,20D,,New Issue,5768,2634
1,Def,309,G56A01,BOND,1001972,GOVERNMENT BOND 2556/18 (RE-OPEN 2555/3),LB27DA,03/02/12,03/02/12,12/17/27,3.58,,3070000000,0,0,0,,3070000000,THB,ISIV,,55A,20D,,New Issue,5768,2634
1,Def,309,G56A01,BOND,1001813,GOVERNMENT BOND 2556/4 (RE-OPEN GBR 2555/1 TKK),LB326A,01/27/12,01/27/12,06/25/32,3.775,,7872000000,0,0,0,,7872000000,THB,ISIV,,55A,20D,,New Issue,7455,4286
1,Def,309,G56A01,BOND,1001835,GOVERNMENT BOND 2556/7 (RE-OPEN GBR 2555/1 TKK),LB326A,01/27/12,01/27/12,06/25/32,3.775,,8000000000,0,0,0,,8000000000,THB,ISIV,,55A,20D,,New Issue,7455,4286
1,Def,309,G56A01,BOND,1001963,GOVERNMENT BOND 2556/17 (RE-OPEN GBR 2555/1 TKK),LB326A,01/27/12,01/27/12,06/25/32,3.775,,6000000000,0,0,0,,6000000000,THB,ISIV,,55A,20D,,New Issue,7455,4286
1,Def,309,G56A01,BOND,1001818,GOVERNMENT BOND 2556/5 (RE-OPEN 2554/2),LB416A,10/29/10,10/29/10,06/14/41,3.8,,8000000000,0,0,0,,8000000000,THB,ISIV,,55A,20D,,New Issue,11186,7562
1,Def,309,G56A01,BOND,1001844,GOVERNMENT BOND 2556/11 (RE-OPEN 2554/2),LB416A,10/29/10,10/29/10,06/14/41,3.8,,6000000000,0,0,0,,6000000000,THB,ISIV,,55A,20D,,New Issue,11186,7562
1,Def,309,G56A01,BOND,1001878,GOVERNMENT BOND 2556/12 (RE-OPEN 2554/2),LB416A,10/29/10,10/29/10,06/14/41,3.8,,6000000000,0,0,0,,6000000000,THB,ISIV,,55A,20D,,New Issue,11186,7562
1,Def,309,G56A01,BOND,1001984,GOVERNMENT BOND 2556/21 (RE-OPEN 2554/2),LB416A,10/29/10,10/29/10,06/14/41,3.8,,5000000000,0,0,0,,5000000000,THB,ISIV,,55A,20D,,New Issue,11186,7562
1,Def,309,G56A01,BOND,1001803,GOVERNMENT BOND 2556/2 (RE-OPEN 2554/9),LB616A,03/04/11,03/04/11,06/17/61,4.85,,15000000000,0,0,0,,15000000000,THB,ISIV,,55A,20D,,New Issue,18368,14870
1,Def,309,G56A01,BOND,1001834,GOVERNMENT BOND 2556/6 (RE-OPEN 2554/9),LB616A,03/04/11,03/04/11,06/17/61,4.85,,6000000000,0,0,0,,6000000000,THB,ISIV,,55A,20D,,New Issue,18368,14870
1,Def,309,G56A01,BOND,1001896,GOVERNMENT BOND 2556/14 (RE-OPEN 2554/9),LB616A,03/04/11,03/04/11,06/17/61,4.85,,4000000000,0,0,0,,4000000000,THB,ISIV,,55A,20D,,New Issue,18368,14870
1,Def,309,G56A01,BOND,1001959,GOVERNMENT BOND 2556/16 (RE-OPEN 2554/9),LB616A,03/04/11,03/04/11,06/17/61,4.85,,10000000000,0,0,0,,10000000000,THB,ISIV,,55A,20D,,New Issue,18368,14870
1,Def,309,G56A01,BOND,1001819,Amortized Bond 2556,LBA37DA,12/12/12,12/12/12,12/12/37,4.26,,30000000000,0,0,0,,30000000000,THB,ISIV,,55A,20D,,New Issue,9131,6282
1,Def,309,G56A01,BOND,1001863,Amortized Bond 2556/2 (RE-OPEN 2556),LBA37DA,12/12/12,12/12/12,12/12/37,4.26,,8000000000,0,0,0,,8000000000,THB,ISIV,,55A,20D,,New Issue,9131,6282
1,Def,309,G56A01,BOND,1001908,Amortized Bond 2556/3 (RE-OPEN 2556),LBA37DA,12/12/12,12/12/12,12/12/37,4.26,,8000000000,0,0,0,,8000000000,THB,ISIV,,55A,20D,,New Issue,9131,6282
1,Def,309,G56A01,BOND,1001975,Amortized Bond 2556/4 (RE-OPEN 2556),LBA37DA,12/12/12,12/12/12,12/12/37,4.26,,8000000000,0,0,0,,8000000000,THB,ISIV,,55A,20D,,New Issue,9131,6282
1,Def,309,G56C01,BOND,1001872,INFLATION-LINKED DEBT MGT. GOV. BOND 2556/2,ILB283A,03/12/13,03/12/13,03/12/28,1.25,<IIR-RATE> + 1.25,40000000000,0,0,260833963.83,,40000000000,THB,ISIV,,55A,20D,,Refinance,5479,2720
1,Def,309,G56C01,BOND,1001877,DEBT MGT. GOV. BOND 2556/6 (RE-OPEN GB 2554/4),LB21DA,11/19/10,11/19/10,12/17/21,3.65,,11000000000,0,0,0,,11000000000,THB,ISIV,,55A,20D,,Refinance,4046,443
1,Def,309,G56C01,BOND,1001871,DEBT MGT. GOV. BOND 2556/5 (RE-OPEN GBR 2555/1 TKK),LB326A,01/27/12,01/27/12,06/25/32,3.775,,8000000000,0,0,0,,8000000000,THB,ISIV,,55A,20D,,Refinance,7455,4286
1,Def,309,G56C01,BOND,1001906,DEBT MGT. GOV. BOND 2556/8 (RE-OPEN GBR 2555/1 TKK),LB326A,01/27/12,01/27/12,06/25/32,3.775,,3709000000,0,0,0,,3709000000,THB,ISIV,,55A,20D,,Refinance,7455,4286
1,Def,309,G56C01,BOND,1001811,DEBT MGT. GOV. BOND 2556/1 (RE-OPEN GB 2554/2),LB416A,10/29/10,10/29/10,06/14/41,3.8,,7500000000,0,0,0,,7500000000,THB,ISIV,,55A,20D,,Refinance,11186,7562
1,Def,309,G56C01,BOND,1001910,DEBT MGT. GOV. BOND 2556/9 (RE-OPEN GB 2554/2),LB416A,10/29/10,10/29/10,06/14/41,3.8,,6000000000,0,0,0,,6000000000,THB,ISIV,,55A,20D,,Refinance,11186,7562
1,Def,309,G56C01,BOND,1001971,DEBT MGT. GOV. BOND 2556/11 (RE-OPEN GB 2554/2),LB416A,10/29/10,10/29/10,06/14/41,3.8,,4000000000,0,0,0,,4000000000,THB,ISIV,,55A,20D,,Refinance,11186,7562
1,Def,309,G56C01,BOND,1001865,DEBT MGT. GOV. BOND 2556/4 (RE-OPEN GB 2554/9),LB616A,03/04/11,03/04/11,06/17/61,4.85,,6000000000,0,0,0,,6000000000,THB,ISIV,,55A,20D,,Refinance,18368,14870
1,Def,309,G57A01,BOND,1002007,INFLATION-LINKED GOV. BOND 2557/1 (RE-OPEN IDMG 2556/2),ILB283A,03/12/13,03/12/13,03/12/28,1.25,<IIR-RATE> + 1.25,5000000000,0,0,32604245.47,,5000000000,THB,ISIV,,55A,20D,,New Issue,5479,2720
1,Def,309,G57A01,BOND,1002035,INFLATION-LINKED GOV. BOND 2557/2 (RE-OPEN IDMG 2556/2),ILB283A,09/12/13,09/12/13,03/12/28,1.25,<IIR-RATE> + 1.25,4160000000,0,0,27126732.23,,4160000000,THB,ISIV,,55A,20D,,New Issue,5295,2720
1,Def,309,G57A01,BOND,1002074,INFLATION-LINKED GOV. BOND 2557/3 (RE-OPEN IDMG 2556/2),ILB283A,03/12/13,03/12/13,03/12/28,1.25,<IIR-RATE> + 1.25,5000000000,0,0,32604245.47,,5000000000,THB,ISIV,,55A,20D,,New Issue,5479,2720
1,Def,309,G57A01,BOND,1002142,INFLATION-LINKED GOV. BOND 2557/4 (RE-OPEN IDMG 2556/2),ILB283A,03/12/13,03/12/13,03/12/28,1.25,<IIR-RATE> + 1.25,5000000000,0,0,32604245.47,,5000000000,THB,ISIV,,55A,20D,,New Issue,5479,2720
1,Def,309,G57A01,BOND,1002168,INFLATION-LINKED GOV. BOND 2557/5 (RE-OPEN IDMG 2556/2),ILB283A,03/12/13,03/12/13,03/12/28,1.25,<IIR-RATE> + 1.25,3570000000,0,0,23279431.27,,3570000000,THB,ISIV,,55A,20D,,New Issue,5479,2720
1,Def,309,G57A01,BOND,1001996,GOVERNMENT BOND 2557/1 (RE-OPEN 2553/2),LB296A,11/20/09,11/20/09,06/22/29,4.875,,7000000000,0,0,0,,7000000000,THB,ISIV,,55A,20D,,New Issue,7154,3187
1,Def,309,G57A01,BOND,1002016,GOVERNMENT BOND 2557/5 (RE-OPEN 2553/2),LB296A,11/20/09,11/20/09,06/22/29,4.875,,20000000000,0,0,0,,20000000000,THB,ISIV,,55A,20D,,New Issue,7154,3187
1,Def,309,G57A01,BOND,1002085,GOVERNMENT BOND 2557/9 (RE-OPEN 2553/2),LB296A,11/20/09,11/20/09,06/22/29,4.875,,6534000000,0,0,0,,6534000000,THB,ISIV,,55A,20D,,New Issue,7154,3187
1,Def,309,G57A01,BOND,1002004,GOVERNMENT BOND 2557/3,LB446A,11/29/13,11/29/13,06/29/44,4.675,,5000000000,0,0,0,,5000000000,THB,ISIV,,55A,20D,,New Issue,11170,8673
1,Def,309,G57A01,BOND,1002034,GOVERNMENT BOND 2557/6 (RE-OPEN 2557/3),LB446A,11/29/13,11/29/13,06/29/44,4.675,,18000000000,0,0,0,,18000000000,THB,ISIV,,55A,20D,,New Issue,11170,8673
1,Def,309,G57A01,BOND,1002000,GOVERNMENT BOND 2557/2 (RE-OPEN 2554/9),LB616A,03/04/11,03/04/11,06/17/61,4.85,,13000000000,0,0,0,,13000000000,THB,ISIV,,55A,20D,,New Issue,18368,14870
1,Def,309,G57A01,BOND,1002046,GOVERNMENT BOND 2557/7 (RE-OPEN 2554/9),LB616A,03/04/11,03/04/11,06/17/61,4.85,,9000000000,0,0,0,,9000000000,THB,ISIV,,55A,20D,,New Issue,18368,14870
1,Def,309,G57A01,BOND,1002084,GOVERNMENT BOND 2557/10 (RE-OPEN 2554/9),LB616A,03/04/11,03/04/11,06/17/61,4.85,,9000000000,0,0,0,,9000000000,THB,ISIV,,55A,20D,,New Issue,18368,14870
1,Def,309,G57A01,BOND,1002154,GOVERNMENT BOND 2557/11 (RE-OPEN 2554/9),LB616A,03/04/11,03/04/11,06/17/61,4.85,,7246000000,0,0,0,,7246000000,THB,ISIV,,55A,20D,,New Issue,18368,14870
1,Def,309,G57A01,BOND,1002014,Amortized Bond 2557/1 (RE-OPEN 2556),LBA37DA,12/12/12,12/12/12,12/12/37,4.26,,12000000000,0,0,0,,12000000000,THB,ISIV,,55A,20D,,New Issue,9131,6282
1,Def,309,G57A01,BOND,1002047,Amortized Bond 2557/2 (RE-OPEN 2556),LBA37DA,12/12/12,12/12/12,12/12/37,4.26,,13000000000,0,0,0,,13000000000,THB,ISIV,,55A,20D,,New Issue,9131,6282
1,Def,309,G57A01,BOND,1002101,Amortized Bond 2557/3 (RE-OPEN 2556),LBA37DA,12/12/12,12/12/12,12/12/37,4.26,,15000000000,0,0,0,,15000000000,THB,ISIV,,55A,20D,,New Issue,9131,6282
1,Def,309,G57A01,BOND,1002173,Amortized Bond 2557/4 (RE-OPEN 2556),LBA37DA,12/12/12,12/12/12,12/12/37,4.26,,8000000000,0,0,0,,8000000000,THB,ISIV,,55A,20D,,New Issue,9131,6282
1,Def,309,G57C01,BOND,1002138,DEBT MGT. GOV. BOND 2557/6 (RE-OPEN GB 2553/2),LB296A,11/20/09,11/20/09,06/22/29,4.875,,10000000000,0,0,0,,10000000000,THB,ISIV,,55A,20D,,Refinance,7154,3187
1,Def,309,G57C01,BOND,1002108,DEBT MGT. GOV. BOND 2557/3 (RE-OPEN GB 2557/3),LB446A,11/29/13,11/29/13,06/29/44,4.675,,9000000000,0,0,0,,9000000000,THB,ISIV,,55A,20D,,Refinance,11170,8673
1,Def,309,G57C01,BOND,1002180,DEBT MGT. GOV. BOND 2557/8 (RE-OPEN GB 2557/3),LB446A,11/29/13,11/29/13,06/29/44,4.675,,8000000000,0,0,0,,8000000000,THB,ISIV,,55A,20D,,Refinance,11170,8673
1,Def,309,G57C01,BOND,1002121,DEBT MGT. GOV. BOND 2557/5 (RE-OPEN GB 2554/9),LB616A,03/04/11,03/04/11,06/17/61,4.85,,8691000000,0,0,0,,8691000000,THB,ISIV,,55A,20D,,Refinance,18368,14870
1,Def,309,G58A01,BOND,1002193,INFLATION-LINKED GOV. BOND 2558/1 (RE-OPEN IDMG 2556/2),ILB283A,03/12/13,03/12/13,03/12/28,1.25,<IIR-RATE> + 1.25,5900000000,0,0,38473009.66,,5900000000,THB,ISIV,,55A,20D,,New Issue,5479,2720
1,Def,309,G58A01,BOND,1002341,INFLATION-LINKED GOV. BOND 2558/2 (RE-OPEN IDMG 2556/2),ILB283A,03/12/13,03/12/13,03/12/28,1.25,<IIR-RATE> + 1.25,4000000000,0,0,26083396.38,,4000000000,THB,ISIV,,55A,20D,,New Issue,5479,2720
1,Def,309,G58A01,BOND,1002386,INFLATION-LINKED GOV. BOND 2558/3 (RE-OPEN IDMG 2556/2),ILB283A,03/12/13,03/12/13,03/12/28,1.25,<IIR-RATE> + 1.25,9438000000,0,0,61543773.76,,9438000000,THB,ISIV,,55A,20D,,New Issue,5479,2720
1,Def,309,G58A01,BOND,1002458,INFLATION-LINKED GOV. BOND 2558/4 (RE-OPEN IDMG 2556/2),ILB283A,03/12/13,03/12/13,03/12/28,1.25,<IIR-RATE> + 1.25,5000000000,0,0,32604245.47,,5000000000,THB,ISIV,,55A,20D,,New Issue,5479,2720
1,Def,309,G58A01,BOND,1002499,INFLATION-LINKED GOV. BOND 2558/5 (RE-OPEN IDMG 2556/2),ILB283A,03/12/13,03/12/13,03/12/28,1.25,<IIR-RATE> + 1.25,5000000000,0,0,32604245.47,,5000000000,THB,ISIV,,55A,20D,,New Issue,5479,2720
1,Def,309,G58A01,BOND,1002403,GOVERNMENT BOND 2558/5 (RE-OPEN 2554/4),LB21DA,11/19/10,11/19/10,12/17/21,3.65,,23803000000,0,0,0,,23803000000,THB,ISIV,,55A,20D,,New Issue,4046,443
1,Def,309,G58A01,BOND,1002481,GOVERNMENT BOND 2558/8 (RE-OPEN 2554/4),LB21DA,11/19/10,11/19/10,12/17/21,3.65,,24000000000,0,0,0,,24000000000,THB,ISIV,,55A,20D,,New Issue,4046,443
1,Def,309,G58A01,BOND,1002195,GOVERNMENT BOND 2558/1 (RE-OPEN 2553/2),LB296A,11/20/09,11/20/09,06/22/29,4.875,,7978000000,0,0,0,,7978000000,THB,ISIV,,55A,20D,,New Issue,7154,3187
1,Def,309,G58A01,BOND,1002400,GOVERNMENT BOND 2558/4 (RE-OPEN 2553/2),LB296A,11/20/09,11/20/09,06/22/29,4.875,,6160000000,0,0,0,,6160000000,THB,ISIV,,55A,20D,,New Issue,7154,3187
1,Def,309,G58A01,BOND,1002466,GOVERNMENT BOND 2558/7 (RE-OPEN 2553/2),LB296A,11/20/09,11/20/09,06/22/29,4.875,,9000000000,0,0,0,,9000000000,THB,ISIV,,55A,20D,,New Issue,7154,3187
1,Def,309,G58A01,BOND,1002655,GOVERNMENT BOND 2558/12 (RE-OPEN 2553/2),LB296A,11/20/09,11/20/09,06/22/29,4.875,,12000000000,0,0,0,,12000000000,THB,ISIV,,55A,20D,,New Issue,7154,3187
1,Def,309,G58A01,BOND,1002406,GOVERNMENT BOND 2558/6 (RE-OPEN 2557/3),LB446A,11/29/13,11/29/13,06/29/44,4.675,,10000000000,0,0,0,,10000000000,THB,ISIV,,55A,20D,,New Issue,11170,8673
1,Def,309,G58A01,BOND,1002498,GOVERNMENT BOND 2558/10 (RE-OPEN 2557/3),LB446A,11/29/13,11/29/13,06/29/44,4.675,,8000000000,0,0,0,,8000000000,THB,ISIV,,55A,20D,,New Issue,11170,8673
1,Def,309,G58A01,BOND,1002666,GOVERNMENT BOND 2558/14 (RE-OPEN 2557/3),LB446A,11/29/13,11/29/13,06/29/44,4.675,,4255000000,0,0,0,,4255000000,THB,ISIV,,55A,20D,,New Issue,11170,8673
1,Def,309,G58A01,BOND,1002196,GOVERNMENT BOND 2558/2 (RE-OPEN 2554/9),LB616A,03/04/11,03/04/11,06/17/61,4.85,,5972000000,0,0,0,,5972000000,THB,ISIV,,55A,20D,,New Issue,18368,14870
1,Def,309,G58A01,BOND,1002395,GOVERNMENT BOND 2558/3 (RE-OPEN 2554/9),LB616A,03/04/11,03/04/11,06/17/61,4.85,,6000000000,0,0,0,,6000000000,THB,ISIV,,55A,20D,,New Issue,18368,14870
1,Def,309,G58A01,BOND,1002484,GOVERNMENT BOND 2558/9 (RE-OPEN 2554/9),LB616A,03/04/11,03/04/11,06/17/61,4.85,,7000000000,0,0,0,,7000000000,THB,ISIV,,55A,20D,,New Issue,18368,14870
1,Def,309,G58A01,BOND,1002664,GOVERNMENT BOND 2558/13 (RE-OPEN 2554/9),LB616A,03/04/11,03/04/11,06/17/61,4.85,,7000000000,0,0,0,,7000000000,THB,ISIV,,55A,20D,,New Issue,18368,14870
1,Def,309,G58A01,BOND,1002229,Amortized Bond 2558/1 (RE-OPEN 2556),LBA37DA,12/12/12,12/12/12,12/12/37,4.26,,5970000000,0,0,0,,5970000000,THB,ISIV,,55A,20D,,New Issue,9131,6282
1,Def,309,G58A01,BOND,1002390,Amortized Bond 2558/2 (RE-OPEN 2556),LBA37DA,12/12/12,12/12/12,12/12/37,4.26,,9000000000,0,0,0,,9000000000,THB,ISIV,,55A,20D,,New Issue,9131,6282
1,Def,309,G58A01,BOND,1002480,Amortized Bond 2558/3 (RE-OPEN 2556),LBA37DA,12/12/12,12/12/12,12/12/37,4.26,,9000000000,0,0,0,,9000000000,THB,ISIV,,55A,20D,,New Issue,9131,6282
1,Def,309,G58C01,BOND,1002334,DEBT MGT. GOV. BOND 2558/3 (RE-OPEN GB 2554/4),LB21DA,11/19/10,11/19/10,12/17/21,3.65,,9435510000,0,0,0,,9435510000,THB,ISIV,,55A,20D,,Switching,4046,443
1,Def,309,G58C01,BOND,1002372,DEBT MGT. GOV. BOND 2558/7 (RE-OPEN GB 2554/4),LB21DA,11/19/10,11/19/10,12/17/21,3.65,,23976000000,0,0,0,,23976000000,THB,ISIV,,55A,20D,,Refinance,4046,443
1,Def,309,G58C01,BOND,1002586,DEBT MGT. GOV. BOND 2558/8 (RE-OPEN GB 2554/4 BD),LB21DA,11/19/10,11/19/10,12/17/21,3.65,,23779000000,0,0,0,,23779000000,THB,ISIV,,55A,20D,,Refinance,4046,443
1,Def,309,G58C01,BOND,1002635,DEBT MGT. GOV. BOND 2558/11 (RE-OPEN GBR 2554/1 TKK),LB25DA,11/26/10,11/26/10,12/12/25,3.85,,9655803000,0,0,0,,9655803000,THB,ISIV,,55A,20D,,Switching,5495,1899
1,Def,309,G58C01,BOND,1002640,DEBT MGT. GOV. BOND 2558/15 (RE-OPEN GBR 2554/1 TKK),LB25DA,11/26/10,11/26/10,12/12/25,3.85,,20000000000,0,0,0,,20000000000,THB,ISIV,,55A,20D,,Refinance,5495,1899
1,Def,309,G58C01,BOND,1002353,DEBT MGT. GOV. BOND 2558/5 (RE-OPEN GB 2553/2),LB296A,11/20/09,11/20/09,06/22/29,4.875,,9000000000,0,0,0,,9000000000,THB,ISIV,,55A,20D,,Refinance,7154,3187
1,Def,309,G58C01,BOND,1002636,DEBT MGT. GOV. BOND 2558/12 (RE-OPEN GB 2553/2),LB296A,11/20/09,11/20/09,06/22/29,4.875,,10580000000,0,0,0,,10580000000,THB,ISIV,,55A,20D,,Switching,7154,3187
1,Def,309,G58C01,BOND,1002338,DEBT MGT. GOV. BOND 2558/4 (RE-OPEN GB 2557/3),LB446A,11/29/13,11/29/13,06/29/44,4.675,,18000000000,0,0,0,,18000000000,THB,ISIV,,55A,20D,,Refinance,11170,8673
1,Def,309,G58C01,BOND,1002639,DEBT MGT. GOV. BOND 2558/14 (RE-OPEN GB 2557/3),LB446A,11/29/13,11/29/13,06/29/44,4.675,,9000000000,0,0,0,,9000000000,THB,ISIV,,55A,20D,,Refinance,11170,8673
1,Def,309,G58C01,BOND,1002359,DEBT MGT. GOV. BOND 2558/6 (RE-OPEN GB 2554/9),LB616A,03/04/11,03/04/11,06/17/61,4.85,,3788000000,0,0,0,,3788000000,THB,ISIV,,55A,20D,,Refinance,18368,14870
1,Def,309,G58C01,BOND,1002609,DEBT MGT. GOV. BOND 2558/13 (RE-OPEN GB 2554/9),LB616A,03/04/11,03/04/11,06/17/61,4.85,,7000000000,0,0,0,,7000000000,THB,ISIV,,55A,20D,,Refinance,18368,14870
1,Def,309,G58C01,BOND,1002335,Amortized DEBT MGT. GOV. BOND 2558/1 (RE-OPEN 2556 BD),LBA37DA,12/12/12,12/12/12,12/12/37,4.26,,18015113000,0,0,0,,18015113000,THB,ISIV,,55A,20D,,Switching,9131,6282
1,Def,309,G58C01,BOND,1002504,Amortized DEBT MGT. GOV. BOND 2558/2 (RE-OPEN 2556 BD),LBA37DA,12/12/12,12/12/12,12/12/37,4.26,,10000000000,0,0,0,,10000000000,THB,ISIV,,55A,20D,,Refinance,9131,6282
1,Def,309,G58C01,BOND,1002637,Amortized DEBT MGT. GOV. BOND 2558/3 (RE-OPEN 2556 BD),LBA37DA,12/12/12,12/12/12,12/12/37,4.26,,17393870000,0,0,0,,17393870000,THB,ISIV,,55A,20D,,Switching,9131,6282
1,Def,309,G58C01,BOND,1002654,Amortized DEBT MGT. GOV. BOND 2558/4 (RE-OPEN 2556 BD),LBA37DA,12/12/12,12/12/12,12/12/37,4.26,,10000000000,0,0,0,,10000000000,THB,ISIV,,55A,20D,,Refinance,9131,6282
1,Def,309,G58C01,BOND,1002674,Amortized DEBT MGT. GOV. BOND 2558/5 (RE-OPEN 2556 BD),LBA37DA,12/12/12,12/12/12,12/12/37,4.26,,10000000000,0,0,0,,10000000000,THB,ISIV,,55A,20D,,Refinance,9131,6282
1,Def,309,G59A01,BOND,1002737,GOVERNMENT BOND 2559/4 (RE-OPEN GBR 2554/1 TKK),LB25DA,11/26/10,11/26/10,12/12/25,3.85,,13000000000,0,0,0,,13000000000,THB,ISIV,,55A,20D,,New Issue,5495,1899
1,Def,309,G59A01,BOND,1002801,GOVERNMENT BOND 2559/7 (RE-OPEN GBR 2554/1 TKK),LB25DA,11/26/10,11/26/10,12/12/25,3.85,,10000000000,0,0,0,,10000000000,THB,ISIV,,55A,20D,,New Issue,5495,1899
1,Def,309,G59A01,BOND,1002913,GOVERNMENT BOND 2559/12 (RE-OPEN GBR 2554/1 TKK),LB25DA,11/26/10,11/26/10,12/12/25,3.85,,16000000000,0,0,0,,16000000000,THB,ISIV,,55A,20D,,New Issue,5495,1899
1,Def,309,G59A01,BOND,1002732, GOVERNMENT BOND 2559/3 (RE-OPEN 2553/2),LB296A,11/20/09,11/20/09,06/22/29,4.875,,26000000000,0,0,0,,26000000000,THB,ISIV,,55A,20D,,New Issue,7154,3187
1,Def,309,G59A01,BOND,1002829,GOVERNMENT BOND 2559/8 (RE-OPEN 2553/2),LB296A,11/20/09,11/20/09,06/22/29,4.875,,10000000000,0,0,0,,10000000000,THB,ISIV,,55A,20D,,New Issue,7154,3187
1,Def,309,G59A01,BOND,1002768,GOVERNMENT BOND 2559/5,LB366A,11/20/15,11/20/15,06/17/36,3.4,,11000000000,0,0,0,,11000000000,THB,ISIV,,55A,20D,,New Issue,7515,5739
1,Def,309,G59A01,BOND,1002896,GOVERNMENT BOND 2559/10 (RE-OPEN 2559/5),LB366A,11/20/15,11/20/15,06/17/36,3.4,,10000000000,0,0,0,,10000000000,THB,ISIV,,55A,20D,,New Issue,7515,5739
1,Def,309,G59A01,BOND,1003323,GOVERNMENT BOND 2559/13 (RE-OPEN 2559/5),LB366A,11/20/15,11/20/15,06/17/36,3.4,,9230000000,0,0,0,,9230000000,THB,ISIV,,55A,20D,,New Issue,7515,5739
1,Def,309,G59A01,BOND,1002731,GOVERNMENT BOND 2559/2 (RE-OPEN 2557/3),LB446A,11/29/13,11/29/13,06/29/44,4.675,,19000000000,0,0,0,,19000000000,THB,ISIV,,55A,20D,,New Issue,11170,8673
1,Def,309,G59A01,BOND,1002769,GOVERNMENT BOND 2559/6,LB666A,11/27/15,11/27/15,06/17/66,4,,9000000000,0,0,0,,9000000000,THB,ISIV,,55A,20D,,New Issue,18465,16696
1,Def,309,G59C01,BOND,1002859,DEBT MGT. GOV. BOND 2559/4 (RE-OPEN GBR 2554/1 TKK),LB25DA,11/26/10,11/26/10,12/12/25,3.85,,13000000000,0,0,0,,13000000000,THB,ISIV,,55A,20D,,Refinance,5495,1899
1,Def,309,G59C01,BOND,1003355,DEBT MGT. GOV. BOND 2559/15 (RE-OPEN OnlendDMG 2559/1),LB26DA,08/15/16,08/15/16,12/17/26,2.125,,14182000000,0,0,0,,14182000000,THB,ISIV,,55A,20D,,Switching,3776,2269
1,Def,309,G59C01,BOND,1002884,DEBT MGT. GOV. BOND 2559/6 (RE-OPEN GB 2553/2),LB296A,11/20/09,11/20/09,06/22/29,4.875,,10000000000,0,0,0,,10000000000,THB,ISIV,,55A,20D,,Refinance,7154,3187
1,Def,309,G59C01,BOND,1002915,DEBT MGT. GOV. BOND 2559/8 (RE-OPEN GB 2553/2),LB296A,11/20/09,11/20/09,06/22/29,4.875,,20000000000,0,0,0,,20000000000,THB,ISIV,,55A,20D,,Refinance,7154,3187
1,Def,309,G59C01,BOND,1003328,DEBT MGT. GOV. BOND 2559/10 (RE-OPEN GB 2554/3),LB316A,11/12/10,11/12/10,06/20/31,3.65,,16000000000,0,0,0,,16000000000,THB,ISIV,,55A,20D,,Refinance,7525,3915
1,Def,309,G59C01,BOND,1002828,DEBT MGT. GOV. BOND 2559/2 (RE-OPEN GB 2559/5),LB366A,11/20/15,11/20/15,06/17/36,3.4,,11000000000,0,0,0,,11000000000,THB,ISIV,,55A,20D,,Refinance,7515,5739
1,Def,309,G59C01,BOND,1003382,DEBT MGT. GOV. BOND 2559/12 (RE-OPEN GB 2559/5),LB366A,11/20/15,11/20/15,06/17/36,3.4,,2600000000,0,0,0,,2600000000,THB,ISIV,,55A,20D,,Refinance,7515,5739
1,Def,309,G59C01,BOND,1002853,DEBT MGT. GOV. BOND 2559/3 (RE-OPEN GB 2557/3),LB446A,11/29/13,11/29/13,06/29/44,4.675,,10000000000,0,0,0,,10000000000,THB,ISIV,,55A,20D,,Refinance,11170,8673
1,Def,309,G59C01,BOND,1003131,DEBT MGT. GOV. BOND 2559/7 (RE-OPEN GB 2557/3),LB446A,11/29/13,11/29/13,06/29/44,4.675,,9802000000,0,0,0,,9802000000,THB,ISIV,,55A,20D,,Refinance,11170,8673
1,Def,309,G59C01,BOND,1003347,DEBT MGT. GOV. BOND 2559/11 (RE-OPEN GBR 2559/5 TKK),LB466A,07/08/16,07/08/16,06/17/46,2.875,,7730000000,0,0,0,,7730000000,THB,ISIV,,55A,20D,,Refinance,10936,9391
1,Def,309,G59C01,BOND,1002827,DEBT MGT. GOV. BOND 2559/1 (RE-OPEN GB 2559/6),LB666A,11/27/15,11/27/15,06/17/66,4,,10000000000,0,0,0,,10000000000,THB,ISIV,,55A,20D,,Refinance,18465,16696
1,Def,309,G59C01,BOND,1002883,DEBT MGT. GOV. BOND 2559/5 (RE-OPEN GB 2559/6),LB666A,11/27/15,11/27/15,06/17/66,4,,10000000000,0,0,0,,10000000000,THB,ISIV,,55A,20D,,Refinance,18465,16696
1,Def,309,G59C01,BOND,1002935,DEBT MGT. GOV. BOND 2559/9 (RE-OPEN GB 2559/6),LB666A,11/27/15,11/27/15,06/17/66,4,,10000000000,0,0,0,,10000000000,THB,ISIV,,55A,20D,,Refinance,18465,16696
1,Def,309,G59C01,BOND,1003356,DEBT MGT. GOV. BOND 2559/16 (RE-OPEN GB 2559/6),LB666A,11/27/15,11/27/15,06/17/66,4,,15500000000,0,0,0,,15500000000,THB,ISIV,,55A,20D,,Switching,18465,16696
1,Def,309,G59C01,BOND,1003383,DEBT MGT. GOV. BOND 2559/13 (RE-OPEN GB 2559/6),LB666A,11/27/15,11/27/15,06/17/66,4,,13000000000,0,0,0,,13000000000,THB,ISIV,,55A,20D,,Refinance,18465,16696
1,Def,309,G60A01,BOND,1003409,GOVERNMENT BOND 2560/3 (RE-OPEN ProjectLoanDMG 2559/1),LB226A,07/15/16,07/15/16,06/17/22,1.875,,30513000000,0,0,0,,30513000000,THB,ISIV,,55A,20D,,New Issue,2163,625
1,Def,309,G60A01,BOND,1003486,GOVERNMENT BOND 2560/6 (RE-OPEN ProjectLoanDMG 2559/1),LB226A,07/15/16,07/15/16,06/17/22,1.875,,26805000000,0,0,0,,26805000000,THB,ISIV,,55A,20D,,New Issue,2163,625
1,Def,309,G60A01,BOND,1003718,GOVERNMENT BOND 2560/20 (RE-OPEN GBR 2560/3 FIDF3),LB22DA,08/04/17,08/04/17,12/17/22,2,,25000000000,0,0,0,,25000000000,THB,ISIV,,55A,20D,,New Issue,1961,808
1,Def,309,G60A01,BOND,1003495,GOVERNMENT BOND 2560/8 (RE-OPEN OnlendDMG 2559/1),LB26DA,08/15/16,08/15/16,12/17/26,2.125,,28000000000,0,0,0,,28000000000,THB,ISIV,,55A,20D,,New Issue,3776,2269
1,Def,309,G60A01,BOND,1003397,GOVERNMENT BOND 2560/1 (RE-OPEN 2554/3),LB316A,11/12/10,11/12/10,06/20/31,3.65,,11420000000,0,0,0,,11420000000,THB,ISIV,,55A,20D,,New Issue,7525,3915
1,Def,309,G60A01,BOND,1003516,GOVERNMENT BOND 2560/10 (RE-OPEN 2554/3),LB316A,11/12/10,11/12/10,06/20/31,3.65,,11000000000,0,0,0,,11000000000,THB,ISIV,,55A,20D,,New Issue,7525,3915
1,Def,309,G60A01,BOND,1003612,GOVERNMENT BOND 2560/15 (RE-OPEN 2554/3),LB316A,11/12/10,11/12/10,06/20/31,3.65,,12100000000,0,0,0,,12100000000,THB,ISIV,,55A,20D,,New Issue,7525,3915
1,Def,309,G60A01,BOND,1003655,GOVERNMENT BOND 2560/16 (RE-OPEN 2554/3),LB316A,11/12/10,11/12/10,06/20/31,3.65,,15400000000,0,0,0,,15400000000,THB,ISIV,,55A,20D,,New Issue,7525,3915
1,Def,309,G60A01,BOND,1003410,GOVERNMENT BOND 2560/4 (RE-OPEN 2559/5),LB366A,11/20/15,11/20/15,06/17/36,3.4,,4260000000,0,0,0,,4260000000,THB,ISIV,,55A,20D,,New Issue,7515,5739
1,Def,309,G60A01,BOND,1003490,GOVERNMENT BOND 2560/7 (RE-OPEN 2559/5),LB366A,11/20/15,11/20/15,06/17/36,3.4,,16000000000,0,0,0,,16000000000,THB,ISIV,,55A,20D,,New Issue,7515,5739
1,Def,309,G60A01,BOND,1003586,GOVERNMENT BOND 2560/13 (RE-OPEN 2559/5),LB366A,11/20/15,11/20/15,06/17/36,3.4,,25200000000,0,0,0,,25200000000,THB,ISIV,,55A,20D,,New Issue,7515,5739
1,Def,309,G60A01,BOND,1003669,GOVERNMENT BOND 2560/17 (RE-OPEN 2559/5),LB366A,11/20/15,11/20/15,06/17/36,3.4,,13600000000,0,0,0,,13600000000,THB,ISIV,,55A,20D,,New Issue,7515,5739
1,Def,309,G60A01,BOND,1003434,GOVERNMENT BOND 2560/5 (RE-OPEN GBR 2559/5 TKK),LB466A,07/08/16,07/08/16,06/17/46,2.875,,4615000000,0,0,0,,4615000000,THB,ISIV,,55A,20D,,New Issue,10936,9391
1,Def,309,G60A01,BOND,1003536,GOVERNMENT BOND 2560/11 (RE-OPEN GBR 2559/5 TKK),LB466A,07/08/16,07/08/16,06/17/46,2.875,,12000000000,0,0,0,,12000000000,THB,ISIV,,55A,20D,,New Issue,10936,9391
1,Def,309,G60A01,BOND,1003581,GOVERNMENT BOND 2560/12 (RE-OPEN GBR 2559/5 TKK),LB466A,07/08/16,07/08/16,06/17/46,2.875,,26400000000,0,0,0,,26400000000,THB,ISIV,,55A,20D,,New Issue,10936,9391
1,Def,309,G60A01,BOND,1003683,GOVERNMENT BOND 2560/18 (RE-OPEN GBR 2559/5 TKK),LB466A,07/08/16,07/08/16,06/17/46,2.875,,11000000000,0,0,0,,11000000000,THB,ISIV,,55A,20D,,New Issue,10936,9391
1,Def,309,G60A01,BOND,1003407,GOVERNMENT BOND 2560/2 (RE-OPEN 2559/6),LB666A,11/27/15,11/27/15,06/17/66,4,,21610000000,0,0,0,,21610000000,THB,ISIV,,55A,20D,,New Issue,18465,16696
1,Def,309,G60A01,BOND,1003508,GOVERNMENT BOND 2560/9 (RE-OPEN 2559/6),LB666A,11/27/15,11/27/15,06/17/66,4,,25000000000,0,0,0,,25000000000,THB,ISIV,,55A,20D,,New Issue,18465,16696
1,Def,309,G60A01,BOND,1003610,GOVERNMENT BOND 2560/14 (RE-OPEN 2559/6),LB666A,11/27/15,11/27/15,06/17/66,4,,14000000000,0,0,0,,14000000000,THB,ISIV,,55A,20D,,New Issue,18465,16696
1,Def,309,G60A01,BOND,1003699,GOVERNMENT BOND 2560/19 (RE-OPEN 2559/6),LB666A,11/27/15,11/27/15,06/17/66,4,,7700000000,0,0,0,,7700000000,THB,ISIV,,55A,20D,,New Issue,18465,16696
1,Def,309,G60C01,BOND,1003648,DEBT MGT. GOV. BOND 2560/3 (RE-OPEN ProjectLoanDMG 2559/1),LB226A,07/15/16,07/15/16,06/17/22,1.875,,6636000000,0,0,0,,6636000000,THB,ISIV,,55A,20D,,Refinance,2163,625
1,Def,309,G60C01,BOND,1003647,DEBT MGT. GOV. BOND 2560/4 (RE-OPEN GBR 2554/1 TKK),LB25DA,11/26/10,11/26/10,12/12/25,3.85,,11417000000,0,0,0,,11417000000,THB,ISIV,,55A,20D,,Refinance,5495,1899
1,Def,309,G60C01,BOND,1003639,DEBT MGT. GOV. BOND 2560/1 (RE-OPEN OnlendDMG 2559/1),LB26DA,08/15/16,08/15/16,12/17/26,2.125,,20000000000,0,0,0,,20000000000,THB,ISIV,,55A,20D,,Refinance,3776,2269
1,Def,309,G60C01,BOND,1003649,DEBT MGT. GOV. BOND 2560/5 (RE-OPEN GB 2554/3),LB316A,11/12/10,11/12/10,06/20/31,3.65,,31358000000,0,0,0,,31358000000,THB,ISIV,,55A,20D,,Refinance,7525,3915
1,Def,309,G60C01,BOND,1003650,DEBT MGT. GOV. BOND 2560/6 (RE-OPEN GB 2559/6),LB666A,11/27/15,11/27/15,06/17/66,4,,26271000000,0,0,0,,26271000000,THB,ISIV,,55A,20D,,Refinance,18465,16696
1,Def,309,G60C01,BOND,1003656,DEBT MGT. GOV. BOND 2560/2 (RE-OPEN GB 2559/6),LB666A,11/27/15,11/27/15,06/17/66,4,,14000000000,0,0,0,,14000000000,THB,ISIV,,55A,20D,,Refinance,18465,16696
1,Def,309,G61A01,BOND,1003754,GOVERNMENT BOND 2561/5 (RE-OPEN GBR 2560/3 FIDF3),LB22DA,08/04/17,08/04/17,12/17/22,2,,19464000000,0,0,0,,19464000000,THB,ISIV,,55A,20D,,New Issue,1961,808
1,Def,309,G61A01,BOND,1003825,GOVERNMENT BOND 2561/11 (RE-OPEN GBR 2560/3 FIDF3),LB22DA,08/04/17,08/04/17,12/17/22,2,,31792000000,0,0,0,,31792000000,THB,ISIV,,55A,20D,,New Issue,1961,808
1,Def,309,G61A01,BOND,1003860,GOVERNMENT BOND 2561/14 (RE-OPEN GBR 2560/3 FIDF3),LB22DA,08/04/17,08/04/17,12/17/22,2,,31690000000,0,0,0,,31690000000,THB,ISIV,,55A,20D,,New Issue,1961,808
1,Def,309,G61A01,BOND,1003744,GOVERNMENT BOND 2561/1 (RE-OPEN OnlendDMG 2559/1),LB26DA,08/15/16,08/15/16,12/17/26,2.125,,29700000000,0,0,0,,29700000000,THB,ISIV,,55A,20D,,New Issue,3776,2269
1,Def,309,G61A01,BOND,1003840,GOVERNMENT BOND 2561/12 (RE-OPEN OnlendDMG 2559/1),LB26DA,08/15/16,08/15/16,12/17/26,2.125,,14300000000,0,0,0,,14300000000,THB,ISIV,,55A,20D,,New Issue,3776,2269
1,Def,309,G61A01,BOND,1003747,GOVERNMENT BOND 2561/3 (RE-OPEN 2554/3),LB316A,11/12/10,11/12/10,06/20/31,3.65,,25200000000,0,0,0,,25200000000,THB,ISIV,,55A,20D,,New Issue,7525,3915
1,Def,309,G61A01,BOND,1003813,GOVERNMENT BOND 2561/10 (RE-OPEN 2554/3),LB316A,11/12/10,11/12/10,06/20/31,3.65,,12000000000,0,0,0,,12000000000,THB,ISIV,,55A,20D,,New Issue,7525,3915
1,Def,309,G61A01,BOND,1003920,GOVERNMENT BOND 2561/20 (RE-OPEN GBR 2555/1 TKK),LB326A,01/27/12,01/27/12,06/25/32,3.775,,15400000000,0,0,0,,15400000000,THB,ISIV,,55A,20D,,New Issue,7455,4286
1,Def,309,G61A01,BOND,1003755,GOVERNMENT BOND 2561/6 (RE-OPEN 2559/5),LB366A,11/20/15,11/20/15,06/17/36,3.4,,7290000000,0,0,0,,7290000000,THB,ISIV,,55A,20D,,New Issue,7515,5739
1,Def,309,G61A01,BOND,1003785,GOVERNMENT BOND 2561/8 (RE-OPEN GB 2559/5),LB366A,11/20/15,11/20/15,06/17/36,3.4,,26200000000,0,0,0,,26200000000,THB,ISIV,,55A,20D,,New Issue,7515,5739
1,Def,309,G61A01,BOND,1003879,GOVERNMENT BOND 2561/16 (RE-OPEN GB 2559/5),LB366A,11/20/15,11/20/15,06/17/36,3.4,,14300000000,0,0,0,,14300000000,THB,ISIV,,55A,20D,,New Issue,7515,5739
1,Def,309,G61A01,BOND,1003902,GOVERNMENT BOND 2561/18 (RE-OPEN GB 2559/5),LB366A,11/20/15,11/20/15,06/17/36,3.4,,26400000000,0,0,0,,26400000000,THB,ISIV,,55A,20D,,New Issue,7515,5739
1,Def,309,G61A01,BOND,1003746,GOVERNMENT BOND 2561/2 (RE-OPEN GBR 2559/5 TKK),LB466A,07/08/16,07/08/16,06/17/46,2.875,,26400000000,0,0,0,,26400000000,THB,ISIV,,55A,20D,,New Issue,10936,9391
1,Def,309,G61A01,BOND,1003809,GOVERNMENT BOND 2561/9 (RE-OPEN GBR 2559/5 TKK),LB466A,07/08/16,07/08/16,06/17/46,2.875,,9732000000,0,0,0,,9732000000,THB,ISIV,,55A,20D,,New Issue,10936,9391
1,Def,309,G61A01,BOND,1003859,GOVERNMENT BOND 2561/13 (RE-OPEN GBR 2559/5 TKK),LB466A,07/08/16,07/08/16,06/17/46,2.875,,15690000000,0,0,0,,15690000000,THB,ISIV,,55A,20D,,New Issue,10936,9391
1,Def,309,G61A01,BOND,1003919,GOVERNMENT BOND 2561/19 (RE-OPEN GBR 2559/5 TKK),LB466A,07/08/16,07/08/16,06/17/46,2.875,,5500000000,0,0,0,,5500000000,THB,ISIV,,55A,20D,,New Issue,10936,9391
1,Def,309,G61A01,BOND,1003752,GOVERNMENT BOND 2561/4,LB676A,11/10/17,11/10/17,06/17/67,3.6,,15400000000,0,0,0,,15400000000,THB,ISIV,,55A,20D,,New Issue,18116,17061
1,Def,309,G61A01,BOND,1003784,GOVERNMENT BOND 2561/7 (RE-OPEN GB 2561/4),LB676A,11/10/17,11/10/17,06/17/67,3.6,,24300000000,0,0,0,,24300000000,THB,ISIV,,55A,20D,,New Issue,18116,17061
1,Def,309,G61A01,BOND,1003901,GOVERNMENT BOND 2561/17 (RE-OPEN GB 2561/4),LB676A,11/10/17,11/10/17,06/17/67,3.6,,5000000000,0,0,0,,5000000000,THB,ISIV,,55A,20D,,New Issue,18116,17061
1,Def,309,G61C01,BOND,1003763,DEBT MGT. GOV. BOND 2561/1 (RE-OPEN GBR 2560/3 FIDF3),LB22DA,08/04/17,08/04/17,12/19/22,2,,3561000000,0,0,0,,3561000000,THB,ISIV,,55A,20D,,Refinance,1963,810
1,Def,309,G61C01,BOND,1003786,DEBT MGT. GOV. BOND 2561/5 (RE-OPEN GBR 2560/3 FIDF3),LB22DA,08/04/17,08/04/17,12/19/22,2,,29800000000,0,0,0,,29800000000,THB,ISIV,,55A,20D,,Refinance,1963,810
1,Def,309,G61C01,BOND,1003862,DEBT MGT. GOV. BOND 2561/7 (RE-OPEN GBR 2560/3 FIDF3),LB22DA,08/04/17,08/04/17,12/19/22,2,,17385000000,0,0,0,,17385000000,THB,ISIV,,55A,20D,,Switching,1963,810
1,Def,309,G61C01,BOND,1003921,DEBT MGT. GOV. BOND 2561/12,LB23DA,08/17/18,08/17/18,12/18/23,2.4,,50000000000,0,0,0,,50000000000,THB,ISIV,,55A,20D,,Refinance,1949,1174
1,Def,309,G61C01,BOND,1003764,DEBT MGT. GOV. BOND 2561/2 (RE-OPEN OnlendDMG 2559/1),LB26DA,08/15/16,08/15/16,12/17/26,2.125,,874000000,0,0,0,,874000000,THB,ISIV,,55A,20D,,Refinance,3776,2269
1,Def,309,G61C01,BOND,1003803,DEBT MGT. GOV. BOND 2561/6 (RE-OPEN OnlendDMG 2559/1),LB26DA,08/15/16,08/15/16,12/17/26,2.125,,15000000000,0,0,0,,15000000000,THB,ISIV,,55A,20D,,Refinance,3776,2269
1,Def,309,G61C01,BOND,1003863,DEBT MGT. GOV. BOND 2561/8 (RE-OPEN OnlendDMG 2559/1),LB26DA,08/15/16,08/15/16,12/17/26,2.125,,20190000000,0,0,0,,20190000000,THB,ISIV,,55A,20D,,Switching,3776,2269
1,Def,309,G61C01,BOND,1003938,DEBT MGT. GOV. BOND 2561/13 (RE-OPEN GBR 2561/2 FIDF3),LB28DA,07/13/18,07/13/18,12/18/28,2.875,,20000000000,0,0,0,,20000000000,THB,ISIV,,55A,20D,,Refinance,3811,3001
1,Def,309,G61C01,BOND,1003864,DEBT MGT. GOV. BOND 2561/9 (RE-OPEN 2554/3),LB316A,11/12/10,11/12/10,06/20/31,3.65,,15527000000,0,0,0,,15527000000,THB,ISIV,,55A,20D,,Switching,7525,3915
1,Def,309,G61C01,BOND,1003865,DEBT MGT. GOV. BOND 2561/10 (RE-OPEN GBR 2555/1 TKK),LB326A,01/27/12,01/27/12,06/25/32,3.775,,37465000000,0,0,0,,37465000000,THB,ISIV,,55A,20D,,Switching,7455,4286
1,Def,309,G61C01,BOND,1003765,DEBT MGT. GOV. BOND 2561/3 (RE-OPEN GB 2559/5),LB366A,11/20/15,11/20/15,06/17/36,3.4,,2210000000,0,0,0,,2210000000,THB,ISIV,,55A,20D,,Refinance,7515,5739
1,Def,309,G61C01,BOND,1003766,DEBT MGT. GOV. BOND 2561/4 (RE-OPEN GB 2561/4),LB676A,11/10/17,11/10/17,06/17/67,3.6,,3355000000,0,0,0,,3355000000,THB,ISIV,,55A,20D,,Refinance,18116,17061
1,Def,309,G61C01,BOND,1003866,DEBT MGT. GOV. BOND 2561/11 (RE-OPEN GB 2561/4),LB676A,11/10/17,11/10/17,06/17/67,3.6,,9433000000,0,0,0,,9433000000,THB,ISIV,,55A,20D,,Switching,18116,17061
1,Def,309,G62A01,BOND,1003972,GOVERNMENT BOND 2562/3 (RE-OPEN DEBT MGT. 2561/12),LB23DA,08/17/18,08/17/18,12/18/23,2.4,,40000000000,0,0,0,,40000000000,THB,ISIV,,55A,20D,,New Issue,1949,1174
1,Def,309,G62A01,BOND,1004022,GOVERNMENT BOND 2562/7 (RE-OPEN DEBT MGT. 2561/12),LB23DA,08/17/18,08/17/18,12/18/23,2.4,,41978000000,0,0,0,,41978000000,THB,ISIV,,55A,20D,,New Issue,1949,1174
1,Def,309,G62A01,BOND,1003953,GOVERNMENT BOND 2562/1 (RE-OPEN GBR 2561/2 FIDF3),LB28DA,07/13/18,07/13/18,12/18/28,2.875,,36300000000,0,0,0,,36300000000,THB,ISIV,,55A,20D,,New Issue,3811,3001
1,Def,309,G62A01,BOND,1004025,GOVERNMENT BOND 2562/9 (RE-OPEN GBR 2555/1 TKK),LB326A,01/27/12,01/27/12,06/25/32,3.775,,24000000000,0,0,0,,24000000000,THB,ISIV,,55A,20D,,New Issue,7455,4286
1,Def,309,G62A01,BOND,1004085,GOVERNMENT BOND 2562/13 RE-OPEN GBR 2555/1 TKK),LB326A,01/27/12,01/27/12,06/25/32,3.775,,17000000000,0,0,0,,17000000000,THB,ISIV,,55A,20D,,New Issue,7455,4286
1,Def,309,G62A01,BOND,1004157,GOVERNMENT BOND 2562/18,LB356A,08/23/19,08/23/19,06/17/35,1.6,,18000000000,0,0,0,,18000000000,THB,ISIV,,55A,20D,,New Issue,5777,5373
1,Def,309,G62A01,BOND,1004003,GOVERNMENT BOND 2562/6 (RE-OPEN DEBT MGT. 2562/2),LB386A,12/07/18,12/07/18,06/17/38,3.3,,18000000000,0,0,0,,18000000000,THB,ISIV,,55A,20D,,New Issue,7132,6469
1,Def,309,G62A01,BOND,1004045,GOVERNMENT BOND 2562/10 (RE-OPEN DEBT MGT. 2562/2),LB386A,12/07/18,12/07/18,06/17/38,3.3,,13000000000,0,0,0,,13000000000,THB,ISIV,,55A,20D,,New Issue,7132,6469
1,Def,309,G62A01,BOND,1004071,GOVERNMENT BOND 2562/12 (RE-OPEN DEBT MGT. 2562/2),LB386A,12/17/18,12/17/18,06/17/38,3.3,,19200000000,0,0,0,,19200000000,THB,ISIV,,55A,20D,,New Issue,7122,6469
1,Def,309,G62A01,BOND,1004140,GOVERNMENT BOND 2562/16 (RE-OPEN DEBT MGT. 2562/2),LB386A,12/17/18,12/17/18,06/17/38,3.3,,14000000000,0,0,0,,14000000000,THB,ISIV,,55A,20D,,New Issue,7122,6469
1,Def,309,G62A01,BOND,1003962,GOVERNMENT BOND 2562/2 (RE-OPEN GBR 2559/5 TKK),LB466A,07/08/16,07/08/16,06/17/46,2.875,,5000000000,0,0,0,,5000000000,THB,ISIV,,55A,20D,,New Issue,10936,9391
1,Def,309,G62A01,BOND,1004000,GOVERNMENT BOND 2562/5 (RE-OPEN GBR 2559/5 TKK),LB466A,07/08/16,07/08/16,06/17/46,2.875,,6000000000,0,0,0,,6000000000,THB,ISIV,,55A,20D,,New Issue,10936,9391
1,Def,309,G62A01,BOND,1004051,GOVERNMENT BOND 2562/11 (RE-OPEN GBR 2559/5 TKK),LB466A,07/08/16,07/08/16,06/17/46,2.875,,6000000000,0,0,0,,6000000000,THB,ISIV,,55A,20D,,New Issue,10936,9391
1,Def,309,G62A01,BOND,1004133,GOVERNMENT BOND 2562/15 (RE-OPEN GBR 2559/5 TKK),LB466A,07/08/16,07/08/16,06/17/46,2.875,,8000000000,0,0,0,,8000000000,THB,ISIV,,55A,20D,,New Issue,10936,9391
1,Def,309,G62A01,BOND,1003973,GOVERNMENT BOND 2562/4 (RE-OPEN GB 2561/4),LB676A,11/10/17,11/10/17,06/17/67,3.6,,5500000000,0,0,0,,5500000000,THB,ISIV,,55A,20D,,New Issue,18116,17061
1,Def,309,G62A01,BOND,1004015,GOVERNMENT BOND 2562/8 (RE-OPEN GB 2561/4),LB676A,11/10/17,11/10/17,06/17/67,3.6,,6000000000,0,0,0,,6000000000,THB,ISIV,,55A,20D,,New Issue,18116,17061
1,Def,309,G62A01,BOND,1004098,GOVERNMENT BOND 2562/14 (RE-OPEN GB 2561/4),LB676A,11/10/17,11/10/17,06/17/67,3.6,,8000000000,0,0,0,,8000000000,THB,ISIV,,55A,20D,,New Issue,18116,17061
1,Def,309,G62A01,BOND,1004156,GOVERNMENT BOND 2562/17 (RE-OPEN GB 2561/4),LB676A,11/10/17,11/10/17,06/17/67,3.6,,8000000000,0,0,0,,8000000000,THB,ISIV,,55A,20D,,New Issue,18116,17061
1,Def,309,G62C01,BOND,1004040,DEBT MGT. GOV. BOND 2562/4 (RE-OPEN DMG 2561/12),LB23DA,08/17/18,08/17/18,12/18/23,2.4,,2814000000,0,0,0,,2814000000,THB,ISIV,,55A,20D,,Refinance,1949,1174
1,Def,309,G62C01,BOND,1004056,DEBT MGT. GOV. BOND 2562/9 (RE-OPEN DMG 2561/12),LB23DA,08/17/18,08/17/18,12/18/23,2.4,,30000000000,0,0,0,,30000000000,THB,ISIV,,55A,20D,,Refinance,1949,1174
1,Def,309,G62C01,BOND,1004063,DEBT MGT. GOV. BOND 2562/10 (RE-OPEN DMG 2561/12),LB23DA,08/17/18,08/17/18,12/18/23,2.4,,5000000000,0,0,0,,5000000000,THB,ISIV,,55A,20D,,Refinance,1949,1174
1,Def,309,G62C01,BOND,1004004,DEBT MGT. GOV. BOND 2562/3 (RE-OPEN GBR 2561/2 FIDF3),LB28DA,07/13/18,07/13/18,12/18/28,2.875,,20000000000,0,0,0,,20000000000,THB,ISIV,,55A,20D,,Refinance,3811,3001
1,Def,309,G62C01,BOND,1004064,DEBT MGT. GOV. BOND 2562/11 (RE-OPEN GBR 2561/2 FIDF3),LB28DA,07/13/18,07/13/18,12/18/28,2.875,,10000000000,0,0,0,,10000000000,THB,ISIV,,55A,20D,,Refinance,3811,3001
1,Def,309,G62C01,BOND,1004173,DEBT MGT. GOV. BOND 2562/17 (RE-OPEN GBR 2561/2 FIDF3),LB28DA,07/13/18,07/13/18,12/18/28,2.875,,15000000000,0,0,0,,15000000000,THB,ISIV,,55A,20D,,Refinance,3811,3001
1,Def,309,G62C01,BOND,1003960,DEBT MGT. GOV. BOND 2562/1 (RE-OPEN GBR 2555/1 TKK),LB326A,01/27/12,01/27/12,06/25/32,3.775,,19000000000,0,0,0,,19000000000,THB,ISIV,,55A,20D,,Refinance,7455,4286
1,Def,309,G62C01,BOND,1004041,DEBT MGT. GOV. BOND 2562/5 (RE-OPEN GBR 2555/1 TKK),LB326A,01/27/12,01/27/12,06/25/32,3.775,,3100000000,0,0,0,,3100000000,THB,ISIV,,55A,20D,,Refinance,7455,4286
1,Def,309,G62C01,BOND,1004065,DEBT MGT. GOV. BOND 2562/12 (RE-OPEN GBR 2555/1 TKK),LB326A,01/27/12,01/27/12,06/25/32,3.775,,15000000000,0,0,0,,15000000000,THB,ISIV,,55A,20D,,Refinance,7455,4286
1,Def,309,G62C01,BOND,1003971,DEBT MGT. GOV. BOND 2562/2,LB386A,12/07/18,12/07/18,06/17/38,3.3,,15000000000,0,0,0,,15000000000,THB,ISIV,,55A,20D,,Refinance,7132,6469
1,Def,309,G62C01,BOND,1004042,DEBT MGT. GOV. BOND 2562/6 (RE-OPEN DMG 2562/2),LB386A,12/07/18,12/07/18,06/17/38,3.3,,400000000,0,0,0,,400000000,THB,ISIV,,55A,20D,,Refinance,7132,6469
1,Def,309,G62C01,BOND,1004066,DEBT MGT. GOV. BOND 2562/13 (RE-OPEN DMG 2562/2),LB386A,12/07/18,12/07/18,06/17/38,3.3,,30000000000,0,0,0,,30000000000,THB,ISIV,,55A,20D,,Refinance,7132,6469
1,Def,309,G62C01,BOND,1004172,DEBT MGT. GOV. BOND 2562/16  (RE- OPEN DMG 2562/2),LB386A,12/17/18,12/17/18,06/17/38,3.3,,15000000000,0,0,0,,15000000000,THB,ISIV,,55A,20D,,Refinance,7122,6469
1,Def,309,G62C01,BOND,1004043,DEBT MGT. GOV. BOND 2562/7 (RE-OPEN GBR 2559/5 TKK),LB466A,07/08/16,07/08/16,06/17/46,2.875,,600000000,0,0,0,,600000000,THB,ISIV,,55A,20D,,Refinance,10936,9391
1,Def,309,G62C01,BOND,1004067,DEBT MGT. GOV. BOND 2562/14 (RE-OPEN GBR 2559/5 TKK),LB466A,07/08/16,07/08/16,06/17/46,2.875,,10000000000,0,0,0,,10000000000,THB,ISIV,,55A,20D,,Refinance,10936,9391
1,Def,309,G62C01,BOND,1004044,DEBT MGT. GOV. BOND 2562/8 (RE-OPEN GB 2561/4),LB676A,11/10/17,11/10/17,06/17/67,3.6,,3086000000,0,0,0,,3086000000,THB,ISIV,,55A,20D,,Refinance,18116,17061
1,Def,309,G62C01,BOND,1004068,DEBT MGT. GOV. BOND 2562/15 (RE-OPEN GB 2561/4),LB676A,11/10/17,11/10/17,06/17/67,3.6,,20000000000,0,0,0,,20000000000,THB,ISIV,,55A,20D,,Refinance,18116,17061
1,Def,309,G63A01,BOND,1004279,GOVERNMENT BOND 2563/7 (RE- OPEN DEBT 2562/4 (FIDF3)),LB24DB,08/30/19,08/30/19,12/17/24,1.45,,11998000000,0,0,0,,11998000000,THB,ISIV,,55A,20D,,New Issue,1936,1539
1,Def,309,G63A01,BOND,1004316,GOVERNMENT BOND 2563/9 (RE- OPEN DEBT 2562/4 (FIDF3)),LB24DB,08/30/19,08/30/19,12/17/24,1.45,,20422000000,0,0,0,,20422000000,THB,ISIV,,55A,20D,,New Issue,1936,1539
1,Def,309,G63A01,BOND,1004363,GOVERNMENT BOND 2563/16 (RE- OPEN DEBT 2562/4 (FIDF3)),LB24DB,08/30/19,08/30/19,12/17/24,1.45,,30000000000,0,0,0,,30000000000,THB,ISIV,,55A,20D,,,1936,1539
1,Def,309,G63A01,BOND,1004326,GOVERNMENT BOND 2563/11 (RE-OPEN GBR 2563/1 TKK),LB29DA,11/15/19,11/15/19,12/17/29,1.6,,16000000000,0,0,0,,16000000000,THB,ISIV,,55A,20D,,New Issue,3685,3365
1,Def,309,G63A01,BOND,1004280,GOVERNMENT BOND 2563/8  (RE- OPEN GOVERNMENT BOND 2562/18),LB356A,08/23/19,08/23/19,06/17/35,1.6,,6000000000,0,0,0,,6000000000,THB,ISIV,,55A,20D,,New Issue,5777,5373
1,Def,309,G63A01,BOND,1004350,GOVERNMENT BOND 2563/14  (RE- OPEN GOVERNMENT BOND 2562/18),LB356A,08/23/19,08/23/19,06/17/35,1.6,,15000000000,0,0,0,,15000000000,THB,ISIV,,55A,20D,,New Issue,5777,5373
1,Def,309,G63A01,BOND,1004327,GOVERNMENT BOND 2563/12 (RE-OPEN DEBT MGT. 2562/2),LB386A,12/17/18,12/17/18,06/17/38,3.3,,12000000000,0,0,0,,12000000000,THB,ISIV,,55A,20D,,New Issue,7122,6469
1,Def,309,G63A01,BOND,1004361,GOVERNMENT BOND 2563/15 (RE-OPEN DEBT MGT. 2562/2),LB386A,12/17/18,12/17/18,06/17/38,3.3,,20000000000,0,0,0,,20000000000,THB,ISIV,,55A,20D,,New Issue,7122,6469
1,Def,309,G63A01,BOND,1004317,GOVERNMENT BOND 2563/10 (RE - OPEN DMG 2563/2),LB496A,10/18/19,10/18/19,06/17/49,1.875,,6000000000,0,0,0,,6000000000,THB,ISIV,,55A,20D,,New Issue,10835,10487
1,Def,309,G63A01,BOND,1004344,GOVERNMENT BOND 2563/13 (RE-OPEN GB 2561/4),LB676A,11/10/17,11/10/17,06/17/67,3.6,,5000000000,0,0,0,,5000000000,THB,ISIV,,55A,20D,,New Issue,18116,17061
1,Def,309,G63A01,BOND,1004364,GOVERNMENT BOND 2563/17 (RE-OPEN GB 2561/4),LB676A,11/10/17,11/10/17,06/17/67,3.6,,5000000000,0,0,0,,5000000000,THB,ISIV,,55A,20D,,New Issue,18116,17061
1,Def,309,G63A11,BOND,1004244,GOVERNMENT BOND 2563/3  (RE- OPEN GOVERNMENT BOND 2562/18),LB356A,08/23/19,08/23/19,06/17/35,1.6,,22000000000,0,0,0,,22000000000,THB,ISIV,,55A,20D,,New Issue,5777,5373
1,Def,309,G63A11,BOND,1004234,GOVERNMENT BOND 2563/2 (RE-OPEN DEBT MGT. 2562/2),LB386A,12/17/18,12/17/18,06/17/38,3.3,,15000000000,0,0,0,,15000000000,THB,ISIV,,55A,20D,,New Issue,7122,6469
1,Def,309,G63A11,BOND,1004254,GOVERNMENT BOND 2563/5 (RE-OPEN DEBT MGT. 2562/2),LB386A,12/17/18,12/17/18,06/17/38,3.3,,12000000000,0,0,0,,12000000000,THB,ISIV,,55A,20D,,New Issue,7122,6469
1,Def,309,G63A11,BOND,1004214,GOVERNMENT BOND 2563/1 (RE - OPEN DMG 2563/2),LB496A,10/18/19,10/18/19,06/17/49,1.875,,3600000000,0,0,0,,3600000000,THB,ISIV,,55A,20D,,New Issue,10835,10487
1,Def,309,G63A11,BOND,1004246,GOVERNMENT BOND 2563/4 (RE - OPEN DMG 2563/2),LB496A,10/18/19,10/18/19,06/17/49,1.875,,3000000000,0,0,0,,3000000000,THB,ISIV,,55A,20D,,New Issue,10835,10487
1,Def,309,G63A11,BOND,1004255,GOVERNMENT BOND 2563/6(RE-OPEN GB 2561/4),LB676A,11/10/17,11/10/17,06/17/67,3.6,,3000000000,0,0,0,,3000000000,THB,ISIV,,55A,20D,,New Issue,18116,17061
1,Def,309,G63A13,BOND,1004381,GOVERNMENT BOND 2563/18 (New Issue),LB256A,09/08/20,09/08/20,06/17/25,0.95,,0,42253000000,0,0,,42253000000,THB,ISIV,,55A,20D,,New Issue,1743,1721
1,Def,309,G63A13,BOND,1004397,GOVERNMENT BOND 2563/20 (RE-OPEN GBR 2563/1 TKK),LB29DA,11/15/19,11/15/19,12/17/29,1.6,,0,12000000000,0,0,,12000000000,THB,ISIV,,55A,20D,,New Issue,3685,3365
1,Def,309,G63A13,BOND,1004395,GOVERNMENT BOND 2563/19 (RE-OPEN DEBT MGT. 2562/2),LB386A,12/17/18,12/17/18,06/17/38,3.3,,0,12000000000,0,0,,12000000000,THB,ISIV,,55A,20D,,New Issue,7122,6469
1,Def,309,G63A13,BOND,1004398,GOVERNMENT BOND 2563/21 (RE-OPEN GB 2561/4),LB676A,11/10/17,11/10/17,06/17/67,3.6,,0,6000000000,0,0,,6000000000,THB,ISIV,,55A,20D,,,18116,17061
1,Def,309,G63C01,BOND,1004180,DEBT MGT. GOV. BOND 2563/1 (RE- OPEN DEBT 2562/4 (FIDF3)),LB24DB,08/30/19,08/30/19,12/17/24,1.45,,25392000000,0,0,0,,25392000000,THB,ISIV,,55A,20D,,Refinance,1936,1539
1,Def,309,G63C01,BOND,1004199,DEBT MGT. GOV. BOND 2563/6 (RE- OPEN DEBT 2562/4 (FIDF3)),LB24DB,08/30/19,08/30/19,12/17/24,1.45,,29160000000,0,0,0,,29160000000,THB,ISIV,,55A,20D,,Refinance,1936,1539
1,Def,309,G63C01,BOND,1004200,DEBT MGT. GOV. BOND 2563/7 (RE- OPEN DEBT 2562/4 (FIDF3)),LB24DB,08/30/19,08/30/19,12/17/24,1.45,,5290000000,0,0,0,,5290000000,THB,ISIV,,55A,20D,,Refinance,1936,1539
1,Def,309,G63C01,BOND,1004249,DEBT MGT. GOV. BOND 2563/13 (RE- OPEN DEBT 2562/4 (FIDF3)),LB24DB,08/30/19,08/30/19,12/17/24,1.45,,2989000000,0,0,0,,2989000000,THB,ISIV,,55A,20D,,Refinance,1936,1539
1,Def,309,G63C01,BOND,1004265,DEBT MGT. GOV. BOND 2563/16 (RE- OPEN DEBT 2562/4 (FIDF3)),LB24DB,08/30/19,08/30/19,12/17/24,1.45,,35000000000,0,0,0,,35000000000,THB,ISIV,,55A,20D,,Refinance,1936,1539
1,Def,309,G63C01,BOND,1004382,DEBT MGT. GOV. BOND 2563/17 (RE- OPEN DEBT 2562/4 (FIDF3)),LB24DB,08/30/19,08/30/19,12/17/24,1.45,,10629000000,0,0,0,,10629000000,THB,ISIV,,55A,20D,,Refinance,1936,1539
1,Def,309,G63C01,BOND,1004247,DEBT MGT. GOV. BOND 2563/12 (RE-OPEN GBR 2563/1 TKK),LB29DA,11/15/19,11/15/19,12/17/29,1.6,,17000000000,0,0,0,,17000000000,THB,ISIV,,55A,20D,,Refinance,3685,3365
1,Def,309,G63C01,BOND,1004250,DEBT MGT. GOV. BOND 2563/14 (RE-OPEN GBR 2563/1 TKK),LB29DA,11/15/19,11/15/19,12/17/29,1.6,,1959000000,0,0,0,,1959000000,THB,ISIV,,55A,20D,,Refinance,3685,3365
1,Def,309,G63C01,BOND,1004383,DEBT MGT. GOV. BOND 2563/18 (RE-OPEN GBR 2563/1 TKK),LB29DA,11/15/19,11/15/19,12/17/29,1.6,,33882000000,0,0,0,,33882000000,THB,ISIV,,55A,20D,,Refinance,3685,3365
1,Def,309,G63C01,BOND,1004387,DEBT MGT. GOV. BOND 2563/19 (RE-OPEN 2554/3),LB316A,11/12/10,11/12/10,06/20/31,3.65,,3833000000,0,0,0,,3833000000,THB,ISIV,,55A,20D,,Refinance,7525,3915
1,Def,309,G63C01,BOND,1004183,DEBT MGT. GOV. BOND 2563/3  (RE- OPEN GOVERNMENT BOND 2562/18),LB356A,08/23/19,08/23/19,06/17/35,1.6,,20000000000,0,0,0,,20000000000,THB,ISIV,,55A,20D,,Refinance,5777,5373
1,Def,309,G63C01,BOND,1004201,DEBT MGT. GOV. BOND 2563/8  (RE- OPEN GOVERNMENT BOND 2562/18),LB356A,08/23/19,08/23/19,06/17/35,1.6,,3310000000,0,0,0,,3310000000,THB,ISIV,,55A,20D,,Refinance,5777,5373
1,Def,309,G63C01,BOND,1004190,DEBT MGT. GOV. BOND 2563/5 (RE-OPEN DMG 2562/2),LB386A,12/17/18,12/17/18,06/17/38,3.3,,20000000000,0,0,0,,20000000000,THB,ISIV,,55A,20D,,Refinance,7122,6469
1,Def,309,G63C01,BOND,1004202,DEBT MGT. GOV. BOND 2563/9 (RE-OPEN DMG 2562/2),LB386A,12/07/18,12/07/18,06/17/38,3.3,,691000000,0,0,0,,691000000,THB,ISIV,,55A,20D,,Refinance,7132,6469
1,Def,309,G63C01,BOND,1004251,DEBT MGT. GOV. BOND 2563/15 (RE-OPEN DMG 2562/2),LB386A,12/17/18,12/17/18,06/17/38,3.3,,5052000000,0,0,0,,5052000000,THB,ISIV,,55A,20D,,Refinance,7122,6469
1,Def,309,G63C01,BOND,1004384,DEBT MGT. GOV. BOND 2563/20 (RE-OPEN DMG 2562/2),LB386A,12/17/18,12/17/18,06/17/38,3.3,,24996000000,0,0,0,,24996000000,THB,ISIV,,55A,20D,,Refinance,7122,6469
1,Def,309,G63C01,BOND,1004181,DEBT MGT. GOV. BOND 2563/2,LB496A,10/18/19,10/18/19,06/17/49,1.875,,5000000000,0,0,0,,5000000000,THB,ISIV,,55A,20D,,Refinance,10835,10487
1,Def,309,G63C01,BOND,1004203,DEBT MGT. GOV. BOND 2563/10  (RE- OPEN DMG 2563/2),LB496A,10/18/19,10/18/19,06/17/49,1.875,,300000000,0,0,0,,300000000,THB,ISIV,,55A,20D,,Refinance,10835,10487
1,Def,309,G63C01,BOND,1004385,DEBT MGT. GOV. BOND 2563/21  (RE- OPEN DMG 2563/2),LB496A,10/18/19,10/18/19,06/17/49,1.875,,5475000000,0,0,0,,5475000000,THB,ISIV,,55A,20D,,Refinance,10835,10487
1,Def,309,G63C01,BOND,1004189,DEBT MGT. GOV. BOND 2563/4 (RE-OPEN GB 2561/4),LB676A,11/10/17,11/10/17,06/17/67,3.6,,3000000000,0,0,0,,3000000000,THB,ISIV,,55A,20D,,Refinance,18116,17061
1,Def,309,G63C01,BOND,1004204,DEBT MGT. GOV. BOND 2563/11 (RE-OPEN GB 2561/4),LB676A,11/10/17,11/10/17,06/17/67,3.6,,409000000,0,0,0,,409000000,THB,ISIV,,55A,20D,,Refinance,18116,17061
1,Def,309,G63C01,BOND,1004386,DEBT MGT. GOV. BOND 2563/22 (RE-OPEN GB 2561/4),LB676A,11/10/17,11/10/17,06/17/67,3.6,,10704000000,0,0,0,,10704000000,THB,ISIV,,55A,20D,,Refinance,18116,17061
1,Def,309,G55A01,P/N,1001411,PROMISSORY NOTE 2555/2/1 (GPF),PN2555/2/1,04/26/12,04/26/12,04/26/24,4.09,,300000000,0,0,0,,300000000,THB,GPF,,55A,23D,,New Issue,4383,1304
1,Def,309,G55A01,P/N,1001420,PROMISSORY NOTE 2555/2/10 (THAILIFE),PN2555/2/10,04/26/12,04/26/12,04/26/52,4.565,,1000000000,0,0,0,,1000000000,THB,THAILIFE,,55A,23D,,New Issue,14610,11531
1,Def,309,G55A01,P/N,1001421,PROMISSORY NOTE 2555/2/11 (THAILIFE),PN2555/2/11,04/26/12,04/26/12,04/26/52,4.565,,1000000000,0,0,0,,1000000000,THB,THAILIFE,,55A,23D,,New Issue,14610,11531
1,Def,309,G55A01,P/N,1001422,PROMISSORY NOTE 2555/2/12 (THAILIFE),PN2555/2/12,04/26/12,04/26/12,04/26/52,4.565,,1000000000,0,0,0,,1000000000,THB,THAILIFE,,55A,23D,,New Issue,14610,11531
1,Def,309,G55A01,P/N,1001423,PROMISSORY NOTE 2555/2/13 (THAILIFE),PN2555/2/13,04/26/12,04/26/12,04/26/52,4.565,,1000000000,0,0,0,,1000000000,THB,THAILIFE,,55A,23D,,New Issue,14610,11531
1,Def,309,G55A01,P/N,1001424,PROMISSORY NOTE 2555/2/14 (THAILIFE),PN2555/2/14,04/26/12,04/26/12,04/26/52,4.565,,1000000000,0,0,0,,1000000000,THB,THAILIFE,,55A,23D,,New Issue,14610,11531
1,Def,309,G55A01,P/N,1001425,PROMISSORY NOTE 2555/2/15 (OCEAN),PN2555/2/15,04/26/12,04/26/12,04/26/37,4.33,,200000000,0,0,0,,200000000,THB,OCEAN,,55A,23D,,New Issue,9131,6052
1,Def,309,G55A01,P/N,1001426,PROMISSORY NOTE 2555/2/16 (OCEAN),PN2555/2/16,04/26/12,04/26/12,04/26/52,4.55,,300000000,0,0,0,,300000000,THB,OCEAN,,55A,23D,,New Issue,14610,11531
1,Def,309,G55A01,P/N,1001427,PROMISSORY NOTE 2555/2/17 (OCEAN),PN2555/2/17,04/26/12,04/26/12,04/26/52,4.57,,300000000,0,0,0,,300000000,THB,OCEAN,,55A,23D,,New Issue,14610,11531
1,Def,309,G55A01,P/N,1001428,PROMISSORY NOTE 2555/2/18 (MUANGTHAI),PN2555/2/18,04/26/12,04/26/12,04/26/52,4.55,,1000000000,0,0,0,,1000000000,THB,MUANGTHAI,,55A,23D,,New Issue,14610,11531
1,Def,309,G55A01,P/N,1001429,PROMISSORY NOTE 2555/2/19 (MUANGTHAI),PN2555/2/19,04/26/12,04/26/12,04/26/52,4.56,,1000000000,0,0,0,,1000000000,THB,MUANGTHAI,,55A,23D,,New Issue,14610,11531
1,Def,309,G55A01,P/N,1001412,PROMISSORY NOTE 2555/2/2 (SSO),PN2555/2/2,04/26/12,04/26/12,04/26/24,4,,1000000000,0,0,0,,1000000000,THB,SSO,,55A,23D,,New Issue,4383,1304
1,Def,309,G55A01,P/N,1001431,PROMISSORY NOTE 2555/2/20 (AIA),PN2555/2/20,04/26/12,04/26/12,04/26/52,4.57,,1000000000,0,0,0,,1000000000,THB,AIA,,55A,23D,,New Issue,14610,11531
1,Def,309,G55A01,P/N,1001432,PROMISSORY NOTE 2555/2/21 (AIA),PN2555/2/21,04/26/12,04/26/12,04/26/52,4.57,,1000000000,0,0,0,,1000000000,THB,AIA,,55A,23D,,New Issue,14610,11531
1,Def,309,G55A01,P/N,1001433,PROMISSORY NOTE 2555/2/22 (AIA),PN2555/2/22,04/26/12,04/26/12,04/26/52,4.57,,1000000000,0,0,0,,1000000000,THB,AIA,,55A,23D,,New Issue,14610,11531
1,Def,309,G55A01,P/N,1001434,PROMISSORY NOTE 2555/2/23 (AIA),PN2555/2/23,04/26/12,04/26/12,04/26/52,4.57,,1000000000,0,0,0,,1000000000,THB,AIA,,55A,23D,,New Issue,14610,11531
1,Def,309,G55A01,P/N,1001435,PROMISSORY NOTE 2555/2/24 (AIA),PN2555/2/24,04/26/12,04/26/12,04/26/52,4.57,,1000000000,0,0,0,,1000000000,THB,AIA,,55A,23D,,New Issue,14610,11531
1,Def,309,G55A01,P/N,1001436,PROMISSORY NOTE 2555/2/25 (AIA),PN2555/2/25,04/26/12,04/26/12,04/26/52,4.57,,1000000000,0,0,0,,1000000000,THB,AIA,,55A,23D,,New Issue,14610,11531
1,Def,309,G55A01,P/N,1001437,PROMISSORY NOTE 2555/2/26 (AIA),PN2555/2/26,04/26/12,04/26/12,04/26/52,4.57,,1000000000,0,0,0,,1000000000,THB,AIA,,55A,23D,,New Issue,14610,11531
1,Def,309,G55A01,P/N,1001438,PROMISSORY NOTE 2555/2/27 (AIA),PN2555/2/27,04/26/12,04/26/12,04/26/52,4.57,,1000000000,0,0,0,,1000000000,THB,AIA,,55A,23D,,New Issue,14610,11531
1,Def,309,G55A01,P/N,1001439,PROMISSORY NOTE 2555/2/28 (AIA),PN2555/2/28,04/26/12,04/26/12,04/26/52,4.57,,1000000000,0,0,0,,1000000000,THB,AIA,,55A,23D,,New Issue,14610,11531
1,Def,309,G55A01,P/N,1001440,PROMISSORY NOTE 2555/2/29 (AIA),PN2555/2/29,04/26/12,04/26/12,04/26/52,4.57,,1000000000,0,0,0,,1000000000,THB,AIA,,55A,23D,,New Issue,14610,11531
1,Def,309,G55A01,P/N,1001413,PROMISSORY NOTE 2555/2/3 (SSO),PN2555/2/3,04/26/12,04/26/12,04/26/24,4.01,,1000000000,0,0,0,,1000000000,THB,SSO,,55A,23D,,New Issue,4383,1304
1,Def,309,G55A01,P/N,1001441,PROMISSORY NOTE 2555/2/30 (AIA),PN2555/2/30,04/26/12,04/26/12,04/26/52,4.57,,1000000000,0,0,0,,1000000000,THB,AIA,,55A,23D,,New Issue,14610,11531
1,Def,309,G55A01,P/N,1001442,PROMISSORY NOTE 2555/2/31 (AIA),PN2555/2/31,04/26/12,04/26/12,04/26/52,4.57,,1000000000,0,0,0,,1000000000,THB,AIA,,55A,23D,,New Issue,14610,11531
1,Def,309,G55A01,P/N,1001443,PROMISSORY NOTE 2555/2/32 (AIA),PN2555/2/32,04/26/12,04/26/12,04/26/52,4.57,,1000000000,0,0,0,,1000000000,THB,AIA,,55A,23D,,New Issue,14610,11531
1,Def,309,G55A01,P/N,1001444,PROMISSORY NOTE 2555/2/33 (AIA),PN2555/2/33,04/26/12,04/26/12,04/26/52,4.57,,1000000000,0,0,0,,1000000000,THB,AIA,,55A,23D,,New Issue,14610,11531
1,Def,309,G55A01,P/N,1001445,PROMISSORY NOTE 2555/2/34 (AIA),PN2555/2/34,04/26/12,04/26/12,04/26/52,4.57,,1000000000,0,0,0,,1000000000,THB,AIA,,55A,23D,,New Issue,14610,11531
1,Def,309,G55A01,P/N,1001446,PROMISSORY NOTE 2555/2/35 (AIA),PN2555/2/35,04/26/12,04/26/12,04/26/52,4.57,,1000000000,0,0,0,,1000000000,THB,AIA,,55A,23D,,New Issue,14610,11531
1,Def,309,G55A01,P/N,1001447,PROMISSORY NOTE 2555/2/36 (AIA),PN2555/2/36,04/26/12,04/26/12,04/26/52,4.57,,1000000000,0,0,0,,1000000000,THB,AIA,,55A,23D,,New Issue,14610,11531
1,Def,309,G55A01,P/N,1001448,PROMISSORY NOTE 2555/2/37 (AIA),PN2555/2/37,04/26/12,04/26/12,04/26/52,4.57,,1000000000,0,0,0,,1000000000,THB,AIA,,55A,23D,,New Issue,14610,11531
1,Def,309,G55A01,P/N,1001449,PROMISSORY NOTE 2555/2/38 (AIA),PN2555/2/38,04/26/12,04/26/12,04/26/52,4.57,,1000000000,0,0,0,,1000000000,THB,AIA,,55A,23D,,New Issue,14610,11531
1,Def,309,G55A01,P/N,1001450,PROMISSORY NOTE 2555/2/39 (AIA),PN2555/2/39,04/26/12,04/26/12,04/26/52,4.57,,500000000,0,0,0,,500000000,THB,AIA,,55A,23D,,New Issue,14610,11531
1,Def,309,G55A01,P/N,1001414,PROMISSORY NOTE 2555/2/4 (SSO),PN2555/2/4,04/26/12,04/26/12,04/26/24,4.02,,1000000000,0,0,0,,1000000000,THB,SSO,,55A,23D,,New Issue,4383,1304
1,Def,309,G55A01,P/N,1001451,PROMISSORY NOTE 2555/2/40 (AIA),PN2555/2/40,04/26/12,04/26/12,04/26/52,4.57,,500000000,0,0,0,,500000000,THB,AIA,,55A,23D,,New Issue,14610,11531
1,Def,309,G55A01,P/N,1001452,PROMISSORY NOTE 2555/2/41 (AACP),PN2555/2/41,04/26/12,04/26/12,04/26/24,4.09,,500000000,0,0,0,,500000000,THB,AACP,,55A,23D,,New Issue,4383,1304
1,Def,309,G55A01,P/N,1001453,PROMISSORY NOTE 2555/2/42 (SELIC),PN2555/2/42,04/26/12,04/26/12,04/26/24,4.062,,100000000,0,0,0,,100000000,THB,SELIC,,55A,23D,,New Issue,4383,1304
1,Def,309,G55A01,P/N,1001454,PROMISSORY NOTE 2555/2/43 (SELIC),PN2555/2/43,04/26/12,04/26/12,04/26/24,4.084,,100000000,0,0,0,,100000000,THB,SELIC,,55A,23D,,New Issue,4383,1304
1,Def,309,G55A01,P/N,1001455,PROMISSORY NOTE 2555/2/44 (SCBLIFE),PN2555/2/44,04/26/12,04/26/12,04/26/24,4.08,,500000000,0,0,0,,500000000,THB,SCBLIFE,,55A,23D,,New Issue,4383,1304
1,Def,309,G55A01,P/N,1001415,PROMISSORY NOTE 2555/2/5 (SSO),PN2555/2/5,04/26/12,04/26/12,04/26/37,4.27,,1000000000,0,0,0,,1000000000,THB,SSO,,55A,23D,,New Issue,9131,6052
1,Def,309,G55A01,P/N,1001416,PROMISSORY NOTE 2555/2/6 (SSO),PN2555/2/6,04/26/12,04/26/12,04/26/37,4.28,,1000000000,0,0,0,,1000000000,THB,SSO,,55A,23D,,New Issue,9131,6052
1,Def,309,G55A01,P/N,1001417,PROMISSORY NOTE 2555/2/7 (SSO),PN2555/2/7,04/26/12,04/26/12,04/26/37,4.29,,1000000000,0,0,0,,1000000000,THB,SSO,,55A,23D,,New Issue,9131,6052
1,Def,309,G55A01,P/N,1001418,PROMISSORY NOTE 2555/2/8 (BLA),PN2555/2/8,04/26/12,04/26/12,04/26/37,4.338,,200000000,0,0,0,,200000000,THB,BLA,,55A,23D,,New Issue,9131,6052
1,Def,309,G55A01,P/N,1001419,PROMISSORY NOTE 2555/2/9 (BLA),PN2555/2/9,04/26/12,04/26/12,04/26/37,4.348,,300000000,0,0,0,,300000000,THB,BLA,,55A,23D,,New Issue,9131,6052
1,Def,309,G55C01,P/N,1001646,PROMISSORY NOTE FOR DEBT MGT. 2555/1/1 (BLA),PN2555/1/1_DM,09/26/12,09/26/12,09/26/47,4.22,,1000000000,0,0,21273424.65,,1000000000,THB,BLA,,55A,23D,,Refinance,12783,9857
1,Def,309,G55C01,P/N,1001655,PROMISSORY NOTE FOR DEBT MGT. 2555/1/10 (PRU),PN2555/1/10_DM,09/26/12,09/26/12,09/26/47,4.15,,100000000,0,0,2092054.79,,100000000,THB,PRU,,55A,23D,,Refinance,12783,9857
1,Def,309,G55C01,P/N,1001656,PROMISSORY NOTE FOR DEBT MGT. 2555/1/11 (MUANGTHAI),PN2555/1/11_DM,09/26/12,09/26/12,09/26/47,4.1699,,3000000000,0,0,63062597.26,,3000000000,THB,MUANGTHAI,,55A,23D,,Refinance,12783,9857
1,Def,309,G55C01,P/N,1001657,PROMISSORY NOTE FOR DEBT MGT. 2555/1/12 (AIA),PN2555/1/12_DM,09/26/12,09/26/12,09/26/47,4.3,,1000000000,0,0,21676712.32,,1000000000,THB,AIA,,55A,23D,,Refinance,12783,9857
1,Def,309,G55C01,P/N,1001658,PROMISSORY NOTE FOR DEBT MGT. 2555/1/13 (AIA),PN2555/1/13_DM,09/26/12,09/26/12,09/26/47,4.3,,1000000000,0,0,21676712.32,,1000000000,THB,AIA,,55A,23D,,Refinance,12783,9857
1,Def,309,G55C01,P/N,1001659,PROMISSORY NOTE FOR DEBT MGT. 2555/1/14 (AIA),PN2555/1/14_DM,09/26/12,09/26/12,09/26/47,4.3,,1000000000,0,0,21676712.32,,1000000000,THB,AIA,,55A,23D,,Refinance,12783,9857
1,Def,309,G55C01,P/N,1001660,PROMISSORY NOTE FOR DEBT MGT. 2555/1/15 (AIA),PN2555/1/15_DM,09/26/12,09/26/12,09/26/47,4.3,,1000000000,0,0,21676712.32,,1000000000,THB,AIA,,55A,23D,,Refinance,12783,9857
1,Def,309,G55C01,P/N,1001661,PROMISSORY NOTE FOR DEBT MGT. 2555/1/16 (AIA),PN2555/1/16_DM,09/26/12,09/26/12,09/26/47,4.3,,1000000000,0,0,21676712.32,,1000000000,THB,AIA,,55A,23D,,Refinance,12783,9857
1,Def,309,G55C01,P/N,1001662,PROMISSORY NOTE FOR DEBT MGT. 2555/1/17 (AIA),PN2555/1/17_DM,09/26/12,09/26/12,09/26/47,4.3,,1000000000,0,0,21676712.32,,1000000000,THB,AIA,,55A,23D,,Refinance,12783,9857
1,Def,309,G55C01,P/N,1001663,PROMISSORY NOTE FOR DEBT MGT. 2555/1/18 (AIA),PN2555/1/18_DM,09/26/12,09/26/12,09/26/47,4.3,,1000000000,0,0,21676712.32,,1000000000,THB,AIA,,55A,23D,,Refinance,12783,9857
1,Def,309,G55C01,P/N,1001664,PROMISSORY NOTE FOR DEBT MGT. 2555/1/19 (AIA),PN2555/1/19_DM,09/26/12,09/26/12,09/26/47,4.3,,1000000000,0,0,21676712.32,,1000000000,THB,AIA,,55A,23D,,Refinance,12783,9857
1,Def,309,G55C01,P/N,1001647,PROMISSORY NOTE FOR DEBT MGT. 2555/1/2 (BLA),PN2555/1/2_DM,09/26/12,09/26/12,09/26/47,4.268,,1000000000,0,0,21515397.26,,1000000000,THB,BLA,,55A,23D,,Refinance,12783,9857
1,Def,309,G55C01,P/N,1001665,PROMISSORY NOTE FOR DEBT MGT. 2555/1/20 (AIA),PN2555/1/20_DM,09/26/12,09/26/12,09/26/47,4.3,,1000000000,0,0,21676712.32,,1000000000,THB,AIA,,55A,23D,,Refinance,12783,9857
1,Def,309,G55C01,P/N,1001666,PROMISSORY NOTE FOR DEBT MGT. 2555/1/21 (AIA),PN2555/1/21_DM,09/26/12,09/26/12,09/26/47,4.3,,1000000000,0,0,21676712.32,,1000000000,THB,AIA,,55A,23D,,Refinance,12783,9857
1,Def,309,G55C01,P/N,1001667,PROMISSORY NOTE FOR DEBT MGT. 2555/1/22 (AIA),PN2555/1/22_DM,09/26/12,09/26/12,09/26/47,4.3,,1000000000,0,0,21676712.32,,1000000000,THB,AIA,,55A,23D,,Refinance,12783,9857
1,Def,309,G55C01,P/N,1001668,PROMISSORY NOTE FOR DEBT MGT. 2555/1/23 (AIA),PN2555/1/23_DM,09/26/12,09/26/12,09/26/47,4.3,,1000000000,0,0,21676712.32,,1000000000,THB,AIA,,55A,23D,,Refinance,12783,9857
1,Def,309,G55C01,P/N,1001669,PROMISSORY NOTE FOR DEBT MGT. 2555/1/24 (AIA),PN2555/1/24_DM,09/26/12,09/26/12,09/26/47,4.3,,1000000000,0,0,21676712.32,,1000000000,THB,AIA,,55A,23D,,Refinance,12783,9857
1,Def,309,G55C01,P/N,1001670,PROMISSORY NOTE FOR DEBT MGT. 2555/1/25 (AIA),PN2555/1/25_DM,09/26/12,09/26/12,09/26/47,4.3,,1000000000,0,0,21676712.32,,1000000000,THB,AIA,,55A,23D,,Refinance,12783,9857
1,Def,309,G55C01,P/N,1001671,PROMISSORY NOTE FOR DEBT MGT. 2555/1/26 (AIA),PN2555/1/26_DM,09/26/12,09/26/12,09/26/47,4.3,,1000000000,0,0,21676712.32,,1000000000,THB,AIA,,55A,23D,,Refinance,12783,9857
1,Def,309,G55C01,P/N,1001672,PROMISSORY NOTE FOR DEBT MGT. 2555/1/27 (AIA),PN2555/1/27_DM,09/26/12,09/26/12,09/26/47,4.3,,1000000000,0,0,21676712.32,,1000000000,THB,AIA,,55A,23D,,Refinance,12783,9857
1,Def,309,G55C01,P/N,1001673,PROMISSORY NOTE FOR DEBT MGT. 2555/1/28 (AIA),PN2555/1/28_DM,09/26/12,09/26/12,09/26/47,4.3,,1000000000,0,0,21676712.32,,1000000000,THB,AIA,,55A,23D,,Refinance,12783,9857
1,Def,309,G55C01,P/N,1001674,PROMISSORY NOTE FOR DEBT MGT. 2555/1/29 (AIA),PN2555/1/29_DM,09/26/12,09/26/12,09/26/47,4.3,,1000000000,0,0,21676712.32,,1000000000,THB,AIA,,55A,23D,,Refinance,12783,9857
1,Def,309,G55C01,P/N,1001648,PROMISSORY NOTE FOR DEBT MGT. 2555/1/3 (OCEAN),PN2555/1/3_DM,09/26/12,09/26/12,09/26/47,4.15,,200000000,0,0,4184109.58,,200000000,THB,OCEAN,,55A,23D,,Refinance,12783,9857
1,Def,309,G55C01,P/N,1001675,PROMISSORY NOTE FOR DEBT MGT. 2555/1/30 (AIA),PN2555/1/30_DM,09/26/12,09/26/12,09/26/47,4.3,,1000000000,0,0,21676712.32,,1000000000,THB,AIA,,55A,23D,,Refinance,12783,9857
1,Def,309,G55C01,P/N,1001676,PROMISSORY NOTE FOR DEBT MGT. 2555/1/31 (AIA),PN2555/1/31_DM,09/26/12,09/26/12,09/26/47,4.3,,1000000000,0,0,21676712.32,,1000000000,THB,AIA,,55A,23D,,Refinance,12783,9857
1,Def,309,G55C01,P/N,1001677,PROMISSORY NOTE FOR DEBT MGT. 2555/1/32 (AIA),PN2555/1/32_DM,09/26/12,09/26/12,09/26/47,4.3,,1000000000,0,0,21676712.32,,1000000000,THB,AIA,,55A,23D,,Refinance,12783,9857
1,Def,309,G55C01,P/N,1001678,PROMISSORY NOTE FOR DEBT MGT. 2555/1/33 (AIA),PN2555/1/33_DM,09/26/12,09/26/12,09/26/47,4.3,,800000000,0,0,17341369.86,,800000000,THB,AIA,,55A,23D,,Refinance,12783,9857
1,Def,309,G55C01,P/N,1001679,PROMISSORY NOTE FOR DEBT MGT. 2555/1/34 (AIA),PN2555/1/34_DM,09/26/12,09/26/12,09/26/47,4.3,,500000000,0,0,10838356.16,,500000000,THB,AIA,,55A,23D,,Refinance,12783,9857
1,Def,309,G55C01,P/N,1001680,PROMISSORY NOTE FOR DEBT MGT. 2555/1/35 (AIA),PN2555/1/35_DM,09/26/12,09/26/12,09/26/47,4.3,,200000000,0,0,4335342.46,,200000000,THB,AIA,,55A,23D,,Refinance,12783,9857
1,Def,309,G55C01,P/N,1001681,PROMISSORY NOTE FOR DEBT MGT. 2555/1/36 (FWD),PN2555/1/36_DM,09/26/12,09/26/12,09/26/30,3.84,,100000000,0,0,1935780.82,,100000000,THB,ING,,55A,23D,,Refinance,6574,3648
1,Def,309,G55C01,P/N,1001682,PROMISSORY NOTE FOR DEBT MGT. 2555/1/37 (FWD),PN2555/1/37_DM,09/26/12,09/26/12,09/26/30,3.85,,100000000,0,0,1940821.91,,100000000,THB,ING,,55A,23D,,Refinance,6574,3648
1,Def,309,G55C01,P/N,1001683,PROMISSORY NOTE FOR DEBT MGT. 2555/1/38 (FWD),PN2555/1/38_DM,09/26/12,09/26/12,09/26/37,3.95,,100000000,0,0,1991232.87,,100000000,THB,ING,,55A,23D,,Refinance,9131,6205
1,Def,309,G55C01,P/N,1001684,PROMISSORY NOTE FOR DEBT MGT. 2555/1/39 (FWD),PN2555/1/39_DM,09/26/12,09/26/12,09/26/37,3.96,,100000000,0,0,1996273.97,,100000000,THB,ING,,55A,23D,,Refinance,9131,6205
1,Def,309,G55C01,P/N,1001649,PROMISSORY NOTE FOR DEBT MGT. 2555/1/4 (OCEAN),PN2555/1/4_DM,09/26/12,09/26/12,09/26/47,4.165,,300000000,0,0,6298849.31,,300000000,THB,OCEAN,,55A,23D,,Refinance,12783,9857
1,Def,309,G55C01,P/N,1001685,PROMISSORY NOTE FOR DEBT MGT. 2555/1/40 (FWD),PN2555/1/40_DM,09/26/12,09/26/12,09/26/47,4.12,,100000000,0,0,2076931.5,,100000000,THB,ING,,55A,23D,,Refinance,12783,9857
1,Def,309,G55C01,P/N,1001686,PROMISSORY NOTE FOR DEBT MGT. 2555/1/41 (FWD),PN2555/1/41_DM,09/26/12,09/26/12,09/26/47,4.13,,100000000,0,0,2081972.6,,100000000,THB,ING,,55A,23D,,Refinance,12783,9857
1,Def,309,G55C01,P/N,1001687,PROMISSORY NOTE FOR DEBT MGT. 2555/1/42 (FWD),PN2555/1/42_DM,09/26/12,09/26/12,09/26/47,4.14,,100000000,0,0,2087013.69,,100000000,THB,ING,,55A,23D,,Refinance,12783,9857
1,Def,309,G55C01,P/N,1001688,PROMISSORY NOTE FOR DEBT MGT. 2555/1/43 (FWD),PN2555/1/43_DM,09/26/12,09/26/12,09/26/47,4.15,,100000000,0,0,2092054.79,,100000000,THB,ING,,55A,23D,,Refinance,12783,9857
1,Def,309,G55C01,P/N,1001689,PROMISSORY NOTE FOR DEBT MGT. 2555/1/44 (SSO),PN2555/1/44_DM,09/26/12,09/26/12,09/26/30,3.825,,1100000000,0,0,21210410.95,,1100000000,THB,SSO,,55A,23D,,Refinance,6574,3648
1,Def,309,G55C01,P/N,1001690,PROMISSORY NOTE FOR DEBT MGT. 2555/1/45 (SSO),PN2555/1/45_DM,09/26/12,09/26/12,09/26/30,3.835,,550000000,0,0,10632931.5,,550000000,THB,SSO,,55A,23D,,Refinance,6574,3648
1,Def,309,G55C01,P/N,1001691,PROMISSORY NOTE FOR DEBT MGT. 2555/1/46 (SSO),PN2555/1/46_DM,09/26/12,09/26/12,09/26/30,3.845,,550000000,0,0,10660657.53,,550000000,THB,SSO,,55A,23D,,Refinance,6574,3648
1,Def,309,G55C01,P/N,1001650,PROMISSORY NOTE FOR DEBT MGT. 2555/1/5 (PRU),PN2555/1/5_DM,09/26/12,09/26/12,09/26/47,4.05,,200000000,0,0,4083287.67,,200000000,THB,PRU,,55A,23D,,Refinance,12783,9857
1,Def,309,G55C01,P/N,1001651,PROMISSORY NOTE FOR DEBT MGT. 2555/1/6 (PRU),PN2555/1/6_DM,09/26/12,09/26/12,09/26/47,4.05,,200000000,0,0,4083287.67,,200000000,THB,PRU,,55A,23D,,Refinance,12783,9857
1,Def,309,G55C01,P/N,1001652,PROMISSORY NOTE FOR DEBT MGT. 2555/1/7 (PRU),PN2555/1/7_DM,09/26/12,09/26/12,09/26/47,4.05,,100000000,0,0,2041643.83,,100000000,THB,PRU,,55A,23D,,Refinance,12783,9857
1,Def,309,G55C01,P/N,1001653,PROMISSORY NOTE FOR DEBT MGT. 2555/1/8 (PRU),PN2555/1/8_DM,09/26/12,09/26/12,09/26/47,4.15,,200000000,0,0,4184109.58,,200000000,THB,PRU,,55A,23D,,Refinance,12783,9857
1,Def,309,G55C01,P/N,1001654,PROMISSORY NOTE FOR DEBT MGT. 2555/1/9 (PRU),PN2555/1/9_DM,09/26/12,09/26/12,09/26/47,4.15,,200000000,0,0,4184109.58,,200000000,THB,PRU,,55A,23D,,Refinance,12783,9857
1,Def,309,G58A01,P/N,1002698,PROMISSORY NOTE 2558/1 (KTB),PN2558/1,09/28/15,09/28/15,09/28/20,0,<BIBOR-06M> + 0.235,0,0,0,0,,0,THB,KTB,,55A,23D,,New Issue,1827,-2
1,Def,309,G59C01,P/N,1003385,PROMISSORY NOTE FOR DEBT MGT. 2559/2/1 (BAY),23/2559,09/30/16,09/30/16,09/30/21,0,<BIBOR-06M> + 0.176,0,0,0,0,,0,THB,BAY,,55A,23D,,Refinance,1826,365
1,Def,309,G59C01,P/N,1003386,PROMISSORY NOTE FOR DEBT MGT. 2559/2/2 (KTB),24/2559,09/30/16,09/30/16,09/30/21,0,<BIBOR-06M> + 0.23,0,0,0,0,,0,THB,KTB,,55A,23D,,Refinance,1826,365
1,Def,309,G60A01,P/N,1003579,PROMISSORY NOTE 2560/2/1 (GSB),7/2560,04/18/17,04/18/17,04/19/21,0.91791,<BIBOR-06M> - 0.06,17000000000,0,0,0,,17000000000,THB,GSB,,55A,23D,,New Issue,1462,201
1,Def,309,G60A01,P/N,1003580,PROMISSORY NOTE 2560/2/2 (GSB),241275,04/18/17,04/18/17,04/19/21,0.92791,<BIBOR-06M> - 0.05,9236914200,0,0,0,,9236914200,THB,GSB,,55A,23D,,New Issue,1462,201
1,Def,309,G60A01,P/N,1003727,PROMISSORY NOTE 2560/3 (KTB),23/2560,09/28/17,09/28/17,09/28/21,0.61075,<BIBOR-06M> - 0.125,540339000,0,0,2330787.36,,540339000,THB,KTB,,55A,23D,,New Issue,1461,363
1,Def,309,G61A01,P/N,1003937,PROMISSORY NOTE 2561/1 (GSB),32/2561,09/27/18,09/27/18,09/27/21,0.62483,<BIBOR-06M> - 0.111,8510760000,0,0,37312365.67,,8510760000,THB,GSB,,55A,23D,,New Issue,1096,362
1,Def,309,G61C01,P/N,1003827,PROMISSORY NOTE FOR DEBT MGT. 2561/1/1 (GSB),241732,03/13/18,03/13/18,03/13/21,0.5541,<BIBOR-06M> - 0.183,10000000000,0,0,52064438.35,,10000000000,THB,GSB,,55A,23D,,Refinance,1096,164
1,Def,309,G61C01,P/N,1003828,PROMISSORY NOTE FOR DEBT MGT. 2561/1/2 (GSB),241762,03/13/18,03/13/18,03/13/21,0.5551,<BIBOR-06M> - 0.182,10000000000,0,0,52114849.31,,10000000000,THB,GSB,,55A,23D,,Refinance,1096,164
1,Def,309,G61C01,P/N,1003829,PROMISSORY NOTE FOR DEBT MGT. 2561/1/3 (GSB),13/2561,03/13/18,03/13/18,03/13/21,0.5561,<BIBOR-06M> - 0.181,7700000000,0,0,40167250.41,,7700000000,THB,GSB,,55A,23D,,Refinance,1096,164
1,Def,309,G61C01,P/N,1003928,PROMISSORY NOTE FOR DEBT MGT. 2561/3 (GSB),28/2561,09/03/18,09/03/18,09/03/21,0.57609,<BIBOR-06M> - 0.162,10000000000,0,0,53830838.35,,10000000000,THB,GSB,,55A,23D,,Refinance,1096,338
1,Def,309,G61C01,P/N,1003923,PROMISSORY NOTE FOR RE. DEBT T-BILL 2561/4 (KTB),31/2561,08/29/18,08/29/18,05/12/21,0.8116,<BIBOR-06M> - 0.1651,17619000000,0,0,0,,17619000000,THB,KTB,,55A,23D,,Refinance,987,224
1,Def,309,G62C01,P/N,1003999,PROMISSORY NOTE FOR DEBT MGT. 2562/3 (GSB),241824,01/14/19,01/14/19,11/19/21,0.8657,<BIBOR-06M> - 0.111,28000000000,0,0,0,,28000000000,THB,GSB,,55A,23D,,Bridge Finance,1040,415
1,Def,309,G62C01,P/N,1004095,PROMISSORY NOTE FOR DEBT MGT. 2562/4/1 (GSB),19/2562,06/13/19,06/13/19,06/14/21,0.62843,<BIBOR-06M> - 0.1115,14842000000,0,0,0,,14842000000,THB,GSB,,55A,23D,,Refinance,732,257
1,Def,309,G62C01,P/N,1004096,PROMISSORY NOTE FOR DEBT MGT. 2562/4/2 (GSB),20/2562,06/13/19,06/13/19,06/14/21,0.63843,<BIBOR-06M> - 0.1015,10000000000,0,0,0,,10000000000,THB,GSB,,55A,23D,,Refinance,732,257
1,Def,309,G62C01,P/N,1004097,PROMISSORY NOTE FOR DEBT MGT. 2562/4/3 (GSB),21/2562,06/13/19,06/13/19,06/14/21,0.63983,<BIBOR-06M> - 0.1001,10000000000,0,0,0,,10000000000,THB,GSB,,55A,23D,,Refinance,732,257
1,Def,309,G62C01,P/N,1003955,PROMISSORY NOTE FOR DEBT MGT. 2562/1 (KTB),34/2561,10/19/18,10/19/18,10/19/20,0.87491,<BIBOR-06M> - 0.103,5000000000,0,0,0,,5000000000,THB,KTB,,55A,23D,,Refinance,731,19
1,Def,309,G62C01,P/N,1003969,PROMISSORY NOTE FOR DEBT MGT. 2562/2/1 (KTB),36/2561,11/26/18,11/26/18,01/25/21,0.65774,<BIBOR-06M> - 0.0811,963000000,0,0,0,,963000000,THB,KTB,,55A,23D,,Refinance,791,117
1,Def,309,G62C01,P/N,1003970,PROMISSORY NOTE FOR DEBT MGT. 2562/2/2 (KTB),37/2561,12/03/18,12/03/18,01/25/21,0.65774,<BIBOR-06M> - 0.0811,4825000000,0,0,0,,4825000000,THB,KTB,,55A,23D,,Refinance,784,117
1,Def,309,G63A01,P/N,1004266,PROMISSORY NOTE 2563/1 (KTB),242431,04/03/20,04/03/20,04/04/22,0.80457,<BIBOR-06M> - 0.17543,20000000000,0,0,0,,20000000000,THB,KTB,,55A,23D,,New Issue,731,551
1,Def,309,G63A01,P/N,1004271,PROMISSORY NOTE 2563/2/1 (KBANK),242492,04/20/20,04/20/20,04/20/22,0.92288,<BIBOR-06M> - 0.055,5000000000,0,0,0,,5000000000,THB,KBANK,,55A,23D,,New Issue,730,567
1,Def,309,G63A01,P/N,1004272,PROMISSORY NOTE 2563/2/1 (KBANK),13/2563,04/20/20,04/20/20,04/20/22,0.96788,<BIBOR-06M> - 0.01,5000000000,0,0,0,,5000000000,THB,KBANK,,55A,23D,,New Issue,730,567
1,Def,309,G63A01,P/N,1004273,PROMISSORY NOTE 2563/2/1 (KTB),14/2563,04/20/20,04/20/20,04/20/22,0.97288,<BIBOR-06M> - 0.005,10000000000,0,0,0,,10000000000,THB,KTB,,55A,23D,,New Issue,730,567
1,Def,309,G63A01,P/N,1004274,PROMISSORY NOTE 2563/2/1 (BBL),15/2563,04/20/20,04/20/20,04/20/22,0.97788,<BIBOR-06M> + 0,5000000000,0,0,0,,5000000000,THB,BBL,,55A,23D,,New Issue,730,567
1,Def,309,G63A01,P/N,1004275,PROMISSORY NOTE 2563/2/1 (KTB),16/2563,04/20/20,04/20/20,04/20/22,0.99788,<BIBOR-06M> + 0.02,5000000000,0,0,0,,5000000000,THB,KTB,,55A,23D,,New Issue,730,567
1,Def,309,G63A01,P/N,1004281,PROMISSORY NOTE 2563/2/2 (KTB),17/2563,04/27/20,04/27/20,10/27/22,0.9967,<BIBOR-06M> + 0.02,10000000000,0,0,0,,10000000000,THB,KTB,,55A,23D,,New Issue,913,757
1,Def,309,G63A01,P/N,1004282,PROMISSORY NOTE 2563/2/2 (KTB),18/2563,04/27/20,04/27/20,10/27/22,1.0267,<BIBOR-06M> + 0.05,10000000000,0,0,0,,10000000000,THB,KTB,,55A,23D,,New Issue,913,757
1,Def,309,G63A01,P/N,1004283,PROMISSORY NOTE 2563/2/2 (KTB),19/2563,04/27/20,04/27/20,10/27/22,1.0667,<BIBOR-06M> + 0.09,10000000000,0,0,0,,10000000000,THB,KTB,,55A,23D,,New Issue,913,757
1,Def,309,G63A01,P/N,1004401,PROMISSORY NOTE 2563/3/1 (SCBT),PN61/2563,09/30/20,09/30/20,03/30/22,0.86571,<BIBOR-06M> + 0.13,0,1000000000,0,0,,1000000000,THB,SCBT,,55A,23D,,New Issue,546,546
1,Def,309,G63A01,P/N,1004402,PROMISSORY NOTE 2563/3/2 (SCBT),PN62/2563,09/30/20,09/30/20,03/30/22,0.88271,<BIBOR-06M> + 0.147,0,380000000,0,0,,380000000,THB,SCBT,,55A,23D,,New Issue,546,546
1,Def,309,G63A11,P/N,1004400,PROMISSORY NOTE 2563/3/1 (SCBT),PN61/2563,09/30/20,09/30/20,03/30/22,0.86571,<BIBOR-06M> + 0.13,0,1000000000,0,0,,1000000000,THB,SCBT,,55A,23D,,New Issue,546,546
1,Def,309,G63A13,P/N,1004403,PROMISSORY NOTE 2563/3/2 (SCBT),PN62/2563,09/30/20,09/30/20,03/30/22,0.88271,<BIBOR-06M> + 0.147,0,1840000000,0,0,,1840000000,THB,SCBT,,55A,23D,,New Issue,546,546
1,Def,309,G63C01,P/N,1004323,PROMISSORY NOTE FOR DEBT MGT. 2563/2/4 (GSB), 23/2563,05/08/20,05/08/20,05/09/22,0,<BIBOR-06M> + 0.18,0,0,0,0,,0,THB,GSB,,55A,23D,,Refinance,731,586
1,Def,309,G63C01,P/N,1004320,PROMISSORY NOTE FOR DEBT MGT. 2563/2/1 (KBANK),20/2563,05/08/20,05/08/20,05/09/22,0,<BIBOR-06M> + 0.12,0,0,0,0,,0,THB,KBANK,,55A,23D,,Refinance,731,586
1,Def,309,G63C01,P/N,1004321,PROMISSORY NOTE FOR DEBT MGT. 2563/2/2 (BBL),21/2563,05/08/20,05/08/20,05/09/22,0,<BIBOR-06M> + 0.14,0,0,0,0,,0,THB,BBL,,55A,23D,,Refinance,731,586
1,Def,309,G63C01,P/N,1004322,PROMISSORY NOTE FOR DEBT MGT. 2563/2/3 (KBANK),22/2563,05/08/20,05/08/20,05/09/22,0,<BIBOR-06M> + 0.17,0,0,0,0,,0,THB,KBANK,,55A,23D,,Refinance,731,586
1,Def,309,G63C01,P/N,1004324,PROMISSORY NOTE FOR DEBT MGT. 2563/2/5 (BBL),24/2563,05/08/20,05/08/20,05/09/22,0,<BIBOR-06M> + 0.24,0,0,0,0,,0,THB,BBL,,55A,23D,,Refinance,731,586
1,Def,309,G63C01,P/N,1004242,PROMISSORY NOTE FOR DEBT MGT. 2563/1/1 (KTB),45/2562,01/09/20,01/09/20,01/11/21,0.58376,<BIBOR-06M> - 0.15432,10000000000,0,0,0,,10000000000,THB,KTB,,55A,26D,,Refinance,368,103
1,Def,309,G63C01,P/N,1004241,PROMISSORY NOTE FOR DEBT MGT. 2563/1/2 (GSB),46/2562,01/09/20,01/09/20,01/11/21,0.58798,<BIBOR-06M> - 0.1501,3133000000,0,0,0,,3133000000,THB,GSB,,55A,26D,,Refinance,368,103
1,Def,309,G63C01,P/N,1004354,PROMISSORY NOTE FOR DEBT MGT. 2563/2 (KTB),58/2563,06/26/20,06/26/20,09/28/20,0.84444,,0,0,0,0,,0,THB,KTB,,55A,26D,,Refinance,94,-2
1,Def,309,G60A01,PROJECT LOAN/TERM LOAN,1003711,LONG TERM LOAN FOR BUDGET DEFICIT 2560/1/1 (GSB),LTL2560/1/1_BD,04/20/17,09/27/17,10/26/20,0.9167,<BIBOR-06M> - 0.06,25000000000,0,0,0,,25000000000,THB,GSB,,55A,22D,,New Issue,1285,26
1,Def,309,G60A01,PROJECT LOAN/TERM LOAN,1003712,LONG TERM LOAN FOR BUDGET DEFICIT 2560/1/2 (GSB),LTL2560/1/2_BD,04/20/17,09/27/17,10/26/20,0.9267,<BIBOR-06M> - 0.05,17857140000,0,0,0,,17857140000,THB,GSB,,55A,22D,,New Issue,1285,26
1,Def,309,G60A01,PROJECT LOAN/TERM LOAN,1003713,LONG TERM LOAN FOR BUDGET DEFICIT 2560/1/3 (KTB),LTL2560/1/3_BD,04/20/17,09/27/17,10/26/20,0.9267,<BIBOR-06M> - 0.05,7142860000,0,0,0,,7142860000,THB,KTB,,55A,22D,,New Issue,1285,26
1,Def,309,G61A01,PROJECT LOAN/TERM LOAN,1003861,LONG TERM LOAN FOR BUDGET DEFICIT 2561/1/1 (GSB),LTL7/2561/1_BD,01/23/18,04/30/18,01/25/21,0.58384,<BIBOR-06M> - 0.155,10000000000,0,0,0,,10000000000,THB,GSB,,55A,22D,,New Issue,1098,117
1,Def,309,G61A01,PROJECT LOAN/TERM LOAN,1003941,LONG TERM LOAN FOR BUDGET DEFICIT 2561/1/2 (GSB),LTL7/2561/2_BD,01/23/18,09/27/18,01/25/21,0.58684,<BIBOR-06M> - 0.152,10000000000,0,0,0,,10000000000,THB,GSB,,55A,22D,,New Issue,1098,117
1,Def,309,G61A01,PROJECT LOAN/TERM LOAN,1003942,LONG TERM LOAN FOR BUDGET DEFICIT 2561/1/3 (GSB),LTL7/2561/3_BD,01/23/18,09/27/18,01/25/21,0.58784,<BIBOR-06M> - 0.151,10000000000,0,0,0,,10000000000,THB,GSB,,55A,22D,,New Issue,1098,117
1,Def,309,G63A01,PROJECT LOAN/TERM LOAN,1004267,LONG TERM LOAN FOR BUDGET DEFICIT 2563/3/1 (KTB),LTL6/2563_BD,04/10/20,04/16/20,10/17/22,0.86482,<BIBOR-06M> - 0.11321,10000000000,0,0,0,,10000000000,THB,KTB,,55A,22D,,New Issue,920,747
1,Def,309,G63A01,PROJECT LOAN/TERM LOAN,1004268,LONG TERM LOAN FOR BUDGET DEFICIT 2563/3/2 (KTB),LTL6/2563_BD,04/10/20,04/16/20,10/17/22,0.90371,<BIBOR-06M> - 0.07432,15000000000,0,0,0,,15000000000,THB,KTB,,55A,22D,,New Issue,920,747
1,Def,309,G63A01,PROJECT LOAN/TERM LOAN,1004269,LONG TERM LOAN FOR BUDGET DEFICIT 2563/3/3 (GSB),LTL7/2563_BD,04/10/20,04/16/20,10/17/22,0.91803,<BIBOR-06M> - 0.06,15000000000,0,0,0,,15000000000,THB,GSB,,55A,22D,,New Issue,920,747
1,Def,309,G63A01,PROJECT LOAN/TERM LOAN,1004270,LONG TERM LOAN FOR BUDGET DEFICIT 2563/3/4 (GSB),LTL7/2563_BD,04/10/20,04/16/20,10/17/22,0.9078,<BIBOR-06M> - 0.07,10000000000,0,0,0,,10000000000,THB,GSB,,55A,22D,,New Issue,920,747
1,Def,309,G63A01,PROJECT LOAN/TERM LOAN,1004315,LONG TERM LOAN FOR BUDGET DEFICIT 2563/4/1 (KTB),LTL9/2563_BD,04/24/20,04/24/20,10/26/21,0.9767,<BIBOR-06M> + 0,5000000000,0,0,0,,5000000000,THB,KTB,,55A,22D,,New Issue,550,391
1,Def,309,G63A01,PROJECT LOAN/TERM LOAN,1004319,LONG TERM LOAN FOR BUDGET DEFICIT 2563/4/2 (KTB),LTL9/2563_BD,04/24/20,04/24/20,10/26/21,1.0017,<BIBOR-06M> + 0.025,5000000000,0,0,0,,5000000000,THB,KTB,,55A,22D,,,550,391
1,Def,309,G63A11,PROJECT LOAN/TERM LOAN,1004259,LONG TERM LOAN FOR BUDGET DEFICIT 2563/2 (KTB),LTL2/2563_BD,03/06/20,03/09/20,09/09/21,0.56938,<BIBOR-06M> - 0.16875,1422000000,0,0,7014081.17,,1422000000,THB,KTB,,55A,22D,,New Issue,552,344
1,Def,309,G63A11,PROJECT LOAN/TERM LOAN,1004227,LONG TERM LOAN FOR BUDGET DEFICIT 2563/1/1 (GSB),LTL21/2562_BD,12/18/19,12/24/19,06/24/21,0.58634,<BIBOR-06M> - 0.1515,10000000000,0,0,0,,10000000000,THB,GSB,,55A,22D,,New Issue,554,267
1,Def,309,G63A11,PROJECT LOAN/TERM LOAN,1004240,LONG TERM LOAN FOR BUDGET DEFICIT 2563/1/2 (KTB),LTL22/2562_BD,12/18/19,12/24/19,06/24/21,-0.14888,<BIBOR-06M> - 0.14888,10000000000,0,0,0,,10000000000,THB,KTB,,55A,22D,,New Issue,554,267
1,Def,309,G57A01,SAVING BOND,1002143,The Ministry of Finance's Special Saving Bond 2557 7y,SB217A,07/15/14,07/15/14,07/15/21,4.25,,11835547000,0,0,0,,11835547000,THB,THCI,,55A,20D,,New Issue,2557,288
1,Def,309,G57A01,SAVING BOND,1002144,The Ministry of Finance's Special Saving Bond 2557 10y,SB247A,07/15/14,07/15/14,07/15/24,4.75,,18164453000,0,0,0,,18164453000,THB,THCI,,55A,20D,,New Issue,3653,1384
1,Def,309,G58A01,SAVING BOND,1002385,"The Ministry of Finance's Special Saving Bond ""Suk Gun Ter Rao"" 2558 10y",SBST251A,01/12/15,01/12/15,01/12/25,4,,12141468000,0,0,0,,12141468000,THB,THCI,,55A,20D,,New Issue,3653,1565
1,Def,309,G59A01,SAVING BOND,1003129,The Ministry of Finance's Saving Bond 2559/2 5y,SBST215A,05/12/16,05/12/16,05/12/21,3,,11702316000,0,0,0,,11702316000,THB,THCI,,55A,20D,,New Issue,1826,224
1,Def,309,G59A01,SAVING BOND,1003130,The Ministry of Finance's Saving Bond 2559/2 10y,SBST265A,05/12/16,05/12/16,05/12/26,2.25,,7370255000,0,0,0,,7370255000,THB,THCI,,55A,20D,,New Issue,3652,2050
1,Def,309,G60A01,SAVING BOND,1003605,The Ministry of Finance's Saving Bond 2560/2 5y,SB225A,05/08/17,05/08/17,05/09/22,2.35,,5132887000,0,0,0,,5132887000,THB,THCI,,55A,20D,,New Issue,1827,586
1,Def,309,G60A01,SAVING BOND,1003457,The Ministry of Finance's Saving Bond 2560/1 7y,SB23DA,12/13/16,12/13/16,12/13/23,2.56,,7077640000,0,0,0,,7077640000,THB,THCI,,55A,20D,,New Issue,2556,1169
1,Def,309,G60A01,SAVING BOND,1003606,The Ministry of Finance's Saving Bond 2560/2 10y,SB275A,05/08/17,05/08/17,05/08/27,3,,12867113000,0,0,0,,12867113000,THB,THCI,,55A,20D,,New Issue,3652,2411
1,Def,309,G61A01,SAVING BOND,1003756,The Ministry of Finance's Saving Bond 2561/1 3y,SB20NA,11/27/17,11/27/17,11/27/20,1.85,,4861084000,0,0,0,,4861084000,THB,THCI,,55A,20D,,New Issue,1096,58
1,Def,309,G61A01,SAVING BOND,1003869,The Ministry of Finance's Saving Bond 2561/2 5y,SB235A,05/10/18,05/10/18,05/10/23,2.15,,13724955000,0,0,0,,13724955000,THB,THCI,,55A,20D,,New Issue,1826,952
1,Def,309,G61A01,SAVING BOND,1003757,The Ministry of Finance's Saving Bond 2561/1 7y,SB24NA,11/27/17,11/27/17,11/27/24,2.45,,16169662000,0,0,0,,16169662000,THB,THCI,,55A,20D,,New Issue,2557,1519
1,Def,309,G61A01,SAVING BOND,1003870,The Ministry of Finance's Saving Bond 2561/2 10y,SB285A,05/10/18,05/10/18,05/10/28,3,,48733639000,0,0,0,,48733639000,THB,THCI,,55A,20D,,New Issue,3653,2779
1,Def,309,G62A01,SAVING BOND,1003947,The Ministry of Finance's Saving Bond 2562/1  3Y1M,SB21NA,10/19/18,10/19/18,11/19/21,2.46,,14736443000,0,0,0,,14736443000,THB,THCI,,55A,20D,,New Issue,1127,415
1,Def,309,G62A01,SAVING BOND,1004072,The Ministry of Finance's Saving Bond 2562/2 5Y,SB245A,05/17/19,05/17/19,05/17/24,2.5,,6721890000,0,0,0,,6721890000,THB,THCI,,55A,20D,,New Issue,1827,1325
1,Def,309,G62A01,SAVING BOND,1003948,The Ministry of Finance's Saving Bond 2562/1 7Y1M,SB25NA,10/19/18,10/19/18,11/19/25,3,,20263557000,0,0,0,,20263557000,THB,THCI,,55A,20D,,New Issue,2588,1876
1,Def,309,G62A01,SAVING BOND,1004073,The Ministry of Finance's Saving Bond 2562/2 10Y,SB295A,05/17/19,05/17/19,05/17/29,3.05,,13278110000,0,0,0,,13278110000,THB,THCI,,55A,20D,,New Issue,3653,3151
1,Def,309,G63A01,SAVING BOND,1004353,"Government Savings Bond ""1 Baht Bond"" F.Y. B.E. 2563",SB236A,06/24/20,06/24/20,06/26/23,1.7,,200000000,0,0,0,,200000000,THB,ISIV,,55A,20D,,New Issue,1097,999
1,Def,309,G63A11,SAVING BOND,1004224,The Ministry of Finance's Saving Bond 2563/1  3Y,SB22DA,12/13/19,12/13/19,12/13/22,1.7,,8744207000,0,0,0,,8744207000,THB,THCI,,55A,20D,,New Issue,1096,804
1,Def,309,G63A11,SAVING BOND,1004225,The Ministry of Finance's Saving Bond 2563/1  7Y,SB26DA,12/13/19,12/13/19,12/14/26,1.95,,6255793000,0,0,0,,6255793000,THB,THCI,,55A,20D,,New Issue,2558,2266
1,Def,309,G63A11,SAVING BOND,1004226,Government Amortized Savings Bond FY. B.E. 2563   5Y,SBA24DA,12/23/19,12/23/19,12/23/24,2,,5000000000,0,0,0,,5000000000,THB,THCI,,55A,20D,,New Issue,1827,1545
1,Def,309,G63A13,SAVING BOND,1004376,"Government Savings Bond ""1 Baht Bond"" F.Y. B.E. 2563 No. 2",SB248A,08/25/20,08/25/20,08/26/24,1.7,,3337106900,1662893100,0,0,,5000000000,THB,ISIV,,55A,20D,,New Issue,1462,1426
1,Def,309,G63A13,SAVING BOND,1004377,Government Special Savings Bond Moving Forward FY. B.E. 2563,SB278A,08/26/20,08/26/20,08/26/27,2.22,,22162734000,22837266000,0,0,,45000000000,THB,ISIV,,55A,20D,,New Issue,2556,2521
1,Def,309,G63A01,T-BILL,1004345,TREASURY BILLS (BD)3/182/63 DUE 2020/12/09,TB20D09A,06/10/20,06/10/20,12/09/20,0.5086815,,30000000000,0,0,0,,30000000000,THB,ISIV,,53A,20D,,New Issue,182,70
1,Def,309,G63A01,T-BILL,1004351,TREASURY BILLS (BD)4/182/63 DUE 2020/12/23,TB20D23A,06/24/20,06/24/20,12/23/20,0.4949,,30000000000,0,0,0,,30000000000,THB,ISIV,,53A,20D,,New Issue,182,84
1,Def,309,G63A01,T-BILL,1004318,TREASURY BILLS (BD)1/182/63 DUE 2020/11/11,TB20N11A,05/13/20,05/13/20,11/11/20,0.5639757,,30000000000,0,0,0,,30000000000,THB,ISIV,,53A,20D,,New Issue,182,42
1,Def,309,G63A01,T-BILL,1004325,TREASURY BILLS (BD)2/182/63 DUE 2020/11/25,TB20N25A,05/27/20,05/27/20,11/25/20,0.4934995,,30000000000,0,0,0,,30000000000,THB,ISIV,,53A,20D,,New Issue,182,56
1,Def,309,G63A01,T-BILL,1004365,TREASURY BILLS (BD)5/182/63 DUE 2021/02/03,TB21203A,08/05/20,08/05/20,02/03/21,0.50401,,20000000000,0,0,0,,20000000000,THB,ISIV,,53A,20D,,,182,126
1,Def,309,G63A01,T-BILL,1004372,TREASURY BILLS (BD)6/182/63 DUE 2020/02/17,TB21217A,08/19/20,08/19/20,02/17/21,0.50047,,20000000000,0,0,0,,20000000000,THB,ISIV,,53A,20D,,,182,140
1,Def,309,G63A01,T-BILL,1004299,TREASURY BILLS (BD)1/364/63 DUE 2021/04/21,TB21421A,04/22/20,04/22/20,04/21/21,0.6679769,,10000000000,0,0,0,,10000000000,THB,ISIV,,53A,20D,,New Issue,364,203
1,Def,309,G63A01,T-BILL,1004300,TREASURY BILLS (BD)2/364/63 DUE 2021/04/28,TB21428A,04/29/20,04/29/20,04/28/21,0.6215296,,10000000000,0,0,0,,10000000000,THB,ISIV,,53A,20D,,New Issue,364,210
1,Def,309,G63A13,T-BILL,1004393,TREASURY BILLS (RS)1/182/63 DUE 2021/03/03,TB21303A,09/02/20,09/02/20,03/03/21,0.50662,,0,30000000000,0,75594437.24,,30000000000,THB,ISIV,,53A,20D,,New Issue,182,154
1,Def,309,G63A13,T-BILL,1004394,TREASURY BILLS (RS)2/182/63 DUE 2021/03/17,TB21317A,09/16/20,09/16/20,03/17/21,0.51076,,0,30000000000,0,76209495.4,,30000000000,THB,ISIV,,53A,20D,,New Issue,182,168
1,Def,309,G63A13,T-BILL,1004399,TREASURY BILLS (RS)3/182/63 DUE 2021/03/31,TB21331A,09/30/20,09/30/20,03/31/21,0.512,,0,30000000000,0,76395124.47,,30000000000,THB,ISIV,,53A,20D,,New Issue,182,182
1,Def,309,G63C01,T-BILL,1004366,TREASURY BILLS (DM)1/182/63 DUE 2021/01/06,TB21106A,07/08/20,07/08/20,01/06/21,0.49606,,30000000000,0,0,0,,30000000000,THB,ISIV,,53A,21D,,Refinance,182,98
1,Def,309,G63C01,T-BILL,1004367,TREASURY BILLS (DM)2/182/63 DUE 2021/01/20,TB21120A,07/22/20,07/22/20,01/20/21,0.50103,,30000000000,0,0,0,,30000000000,THB,ISIV,,53A,21D,,Refinance,182,112
